,name,salary_from,salary_to,salary_currency,area_name,published_at
0,Системный администратор,43800.0,,RUR,Ярославль,2022-12-23T09:38:20+0300
1,"QA инженер (Новая Афина, Цифровая ипотека)",,,,Москва,2022-12-23T09:28:12+0300
2,"Middle/Senior Frontend Developer (TypeScript, React)",,,,Москва,2022-12-23T10:10:20+0300
3,Системный администратор,65000.0,70000.0,RUR,Москва,2022-12-23T11:29:27+0300
4,Технический лидер Стрима,,,,Москва,2022-12-23T09:45:34+0300
5,Механик-наладчик производственного оборудования,50000.0,,RUR,Ростов-на-Дону,2022-12-23T10:03:40+0300
6,Инженер по сопровождению информационных систем (техническая поддержка портала),,,,Пенза,2022-12-23T09:11:04+0300
7,Ведущий консультант SAP (MM),,,,Ижевск,2022-12-23T09:45:30+0300
8,Аналитик,,,,Москва,2022-12-23T09:27:11+0300
9,Руководитель технических проектов клиентского опыта в Маркет,,,,Москва,2022-12-23T11:41:52+0300
10,Мастер участка по ремонту спецтехники,60000.0,,RUR,Самара,2022-12-23T07:36:48+0300
11,Специалист 2 категории отдел поддержки пользователей дирекции информационных технологий,40000.0,40000.0,RUR,Тула,2022-12-23T09:02:27+0300
12,Оператор ЧПУ на лазерный станок,50000.0,70000.0,RUR,Новочебоксарск,2022-12-23T09:53:18+0300
13,Менеджер проектов BD,,,,Москва,2022-12-23T11:53:42+0300
14,Технический специалист (интернет-трансляции),40000.0,,RUR,Санкт-Петербург,2022-12-23T11:11:19+0300
15,Менеджер по продукту (светотехническая продукция),,,,Москва,2022-12-23T11:31:45+0300
16,Сервисный инженер,50000.0,,RUR,Тамбов,2022-12-23T10:10:15+0300
17,Руководитель ECM платформы,,,,Москва,2022-12-23T11:28:23+0300
18,Бизнес-аналитик (Культура и бизнес),,,,Москва,2022-12-23T10:32:15+0300
19,Backend Developer RoR,150000.0,200000.0,RUR,Челябинск,2022-12-23T08:46:43+0300
20,Токарь,,,,Тамбов,2022-12-23T11:41:20+0300
21,Начальник ИТ-отдела,,,,Москва,2022-12-23T09:05:42+0300
22,Руководитель проектов,,,,Кемерово,2022-12-23T09:32:31+0300
23,Полировщик,,,,Калуга,2022-12-23T11:02:44+0300
24,Техник,60000.0,70000.0,RUR,Москва,2022-12-23T11:54:39+0300
25,Аналитик данных (Data Office),,,,Москва,2022-12-23T10:10:03+0300
26,Ведущий специалист поддержки пользователей,,,,Мирный (Республика Саха (Якутия)),2022-12-23T10:39:37+0300
27,Дизайнер коммуникаций,,,,Москва,2022-12-23T11:08:55+0300
28,Аналитик качества данных,,,,Санкт-Петербург,2022-12-23T10:19:32+0300
29,Гейм-дизайнер (Whalekit),,,,Армения,2022-12-23T10:39:35+0300
30,Начинающий специалист,30000.0,,RUR,Волово,2022-12-23T09:52:50+0300
31,Слесарь по ремонту и обслуживанию спецтехники,60000.0,80000.0,RUR,Нижний Новгород,2022-12-23T09:03:09+0300
32,Инженер,50000.0,50000.0,RUR,Уфа,2022-12-23T10:15:49+0300
33,Наладчик технологического оборудования,60000.0,,RUR,Дзержинск (Нижегородская область),2022-12-23T09:05:30+0300
34,Сигналист (Первомайский р-н),43000.0,,RUR,Новосибирск,2022-12-23T10:35:47+0300
35,Шлифовщик (в автоматный цех),38000.0,50000.0,RUR,Вологда,2022-12-23T08:28:40+0300
36,Координатор в Отдел поддержки-бизнес процессов/Оператор SAP/Оператор 1С,48000.0,48000.0,RUR,Владивосток,2022-12-23T08:41:06+0300
37,Ведущий бизнес-аналитик,,,,Румянцево,2022-12-23T11:03:56+0300
38,Наладчик технологического оборудования,35000.0,,RUR,Чебоксары,2022-12-23T10:32:07+0300
39,Ночной консультант службы поддержки пользователей,15600.0,39000.0,RUR,Казань,2022-12-23T09:46:32+0300
40,Инженер по настройке и обслуживанию радиоэлектронного оборудования,25000.0,,RUR,Ставрополь,2022-12-23T08:56:57+0300
41,Бизнес-аналитик в проектный офис,,,,Новосибирск,2022-12-23T08:04:55+0300
42,Начальник отдела информационных технологий,100000.0,,RUR,Тверь,2022-12-23T08:33:49+0300
43,Старший аналитик по прогнозированию и бюджетированию (медиапродукты),,,,Москва,2022-12-23T11:26:06+0300
44,Дизайнер,40000.0,50000.0,RUR,Апатиты,2022-12-23T10:06:43+0300
45,Сервисный инженер,50000.0,,RUR,Ленинский (Тульская область),2022-12-23T11:28:53+0300
46,Специалист в отдел информационных технологий,20000.0,25000.0,RUR,Омск,2022-12-23T08:05:43+0300
47,Специалист по обслуживанию ОПС,35000.0,50000.0,RUR,Псков,2022-12-23T09:42:11+0300
48,SQL Developer (Oracle),,,,Тверь,2022-12-23T10:51:43+0300
49,Токарь-универсал,117000.0,,RUR,Пермь,2022-12-23T09:55:22+0300
50,Руководитель проекта (машиностроение),80000.0,,RUR,Набережные Челны,2022-12-23T09:55:53+0300
51,Инженер телекоммуникации,,,,Улан-Удэ,2022-12-23T10:24:13+0300
52,Главный специалист отдела информационных технологий,45000.0,45000.0,RUR,Омск,2022-12-23T07:53:51+0300
53,Ведущий специалист технической поддержки,,,,Ижевск,2022-12-23T11:26:35+0300
54,Главный механик,75000.0,,RUR,Северодвинск,2022-12-23T09:50:20+0300
55,Middle/Senior Fullstack-разработчик (.Net),,,,Москва,2022-12-23T10:55:55+0300
56,Специалист по информационным технологиям,,,,Нижний Новгород,2022-12-23T10:20:46+0300
57,Android developer,140000.0,160000.0,RUR,Санкт-Петербург,2022-12-23T10:57:00+0300
58,Специалист по IT,,,,Москва,2022-12-23T09:26:57+0300
59,Руководитель транспортной службы,,,,Москва,2022-12-23T10:46:55+0300
60,Дендролог,50000.0,,RUR,Севастополь,2022-12-23T11:02:41+0300
61,Главный консультант (ПОД/ФТ),,,,Москва,2022-12-23T11:25:52+0300
62,Механик,35000.0,,RUR,Ставрополь,2022-12-23T09:51:05+0300
63,Слесарь-сборщик РЭА и приборов,45000.0,70000.0,RUR,Санкт-Петербург,2022-12-23T09:27:02+0300
64,Менеджер по информационной безопасности,,,,Москва,2022-12-23T10:30:55+0300
65,Инженер-программист,100000.0,,RUR,Краснодар,2022-12-23T08:09:26+0300
66,Оператор станков с ЧПУ,,,,Санкт-Петербург,2022-12-23T11:30:08+0300
67,"Product Manager в направление ""Медиа""",,,,Москва,2022-12-23T10:47:45+0300
68,Разработчик 1С,250000.0,300000.0,RUR,Москва,2022-12-23T11:25:29+0300
69,Оператор листогибочного пресса с ЧПУ,60000.0,75000.0,RUR,Нижний Новгород,2022-12-23T11:35:52+0300
70,Руководитель отдела IT,,,,Челябинск,2022-12-23T06:54:08+0300
71,Аналитик,45000.0,,RUR,Новосибирск,2022-12-23T10:11:21+0300
72,Фрезеровщик с ЧПУ (токарь-расточник с ЧПУ),110000.0,200000.0,RUR,Екатеринбург,2022-12-23T09:42:02+0300
73,Java-разработчик,,,,Москва,2022-12-23T10:09:22+0300
74,Начальник сектора (печатные платы),80000.0,100000.0,RUR,Москва,2022-12-23T11:55:36+0300
75,Руководитель проектов (Стенды датчиков),,,,Челябинск,2022-12-23T09:49:03+0300
76,Слесарь по обслуживанию и ремонту подвижного состава,49000.0,,RUR,Комсомольск-на-Амуре,2022-12-23T07:08:59+0300
77,VoIP инженер,,,,Нижний Новгород,2022-12-23T10:40:54+0300
78,QA сетевой инженер,120000.0,,RUR,Москва,2022-12-23T10:26:13+0300
79,Fullstack developer,,5000.0,USD,Москва,2022-12-23T11:50:58+0300
80,Бизнес аналитик (СУПД),,150000.0,RUR,Москва,2022-12-23T10:16:28+0300
81,Токарь-универсал,60000.0,,RUR,Улан-Удэ,2022-12-23T09:58:45+0300
82,Специалист по производственному контролю 1 категории (инженер-механик),58000.0,,RUR,Ангарск,2022-12-23T06:50:47+0300
83,Специалист по защите информации,60000.0,,RUR,Нижний Новгород,2022-12-23T08:40:13+0300
84,Специалист по видеонаблюдению,50000.0,,RUR,Черняховск,2022-12-23T11:02:49+0300
85,Технический писатель (ЕСПД ЕСКД),70000.0,90000.0,RUR,Москва,2022-12-23T09:20:13+0300
86,"ИТ-инженер по сопровождению в дивизион ""Цифровой корпоративный Банк""",,,,Хабаровск,2022-12-23T09:41:07+0300
87,Дендролог,50000.0,,RUR,Симферополь,2022-12-23T09:00:10+0300
88,Главный/Ведущий инженер (администратор средств защиты информации),,,,Красноярск,2022-12-23T09:12:24+0300
89,Разработчик Greenplum,,,,Москва,2022-12-23T10:09:37+0300
90,Инженер-программист,,,,Нижневартовск,2022-12-23T06:15:56+0300
91,"Руководитель проекта ""Честный знак""",150000.0,,RUR,Москва,2022-12-23T10:07:26+0300
92,Инженер по сопровождению,,,,Москва,2022-12-23T10:09:33+0300
93,Сотрудник пресс-центра/журналист,20000.0,25000.0,RUR,Бердск,2022-12-23T06:08:29+0300
94,Инженер по сопровождению информационных систем (техническая поддержка портала),,,,Краснодар,2022-12-23T09:10:57+0300
95,Менеджер ИТ инфраструктуры,,,,Москва,2022-12-23T09:27:15+0300
96,IT аналитик разработки ПО,85800.0,,RUR,Череповец,2022-12-23T11:15:06+0300
97,.NET Разработчик,,,,Алматы,2022-12-23T10:22:09+0300
98,Главный специалист отдела планирование закупок МТР (г. Березники),,,,Березники,2022-12-23T11:56:13+0300
99,Наладчик станков ЧПУ (токарный/фрезерный),105000.0,,RUR,Узловая,2022-12-23T09:24:15+0300
100,Сетевой инженер,,60000.0,RUR,Москва,2022-12-23T10:31:14+0300
101,Инженер слаботочных систем,52000.0,,RUR,Гуково,2022-12-23T11:54:31+0300
102,Электромеханик связи,21000.0,,RUR,Иваново (Ивановская область),2022-12-23T10:36:36+0300
103,Оператор станков с ЧПУ,50000.0,70000.0,RUR,Новочебоксарск,2022-12-23T10:32:55+0300
104,Ведущий инженер-энергетик,35000.0,,RUR,Калач-на-Дону,2022-12-23T11:38:47+0300
105,Специалист по сервисному обслуживанию банковского оборудования,50000.0,,RUR,Хабаровск,2022-12-23T08:06:33+0300
106,Системный администратор,60000.0,,RUR,Самара,2022-12-23T08:31:33+0300
107,Project manager,,100000.0,RUR,Тула,2022-12-23T11:07:40+0300
108,Дизайнер,,,,Красная Поляна,2022-12-23T11:22:16+0300
109,Дизайнер,40000.0,40000.0,RUR,Киров (Кировская область),2022-12-23T11:38:00+0300
110,Ночной консультант службы поддержки пользователей,15600.0,39000.0,RUR,Санкт-Петербург,2022-12-23T09:46:36+0300
111,Сервисный механик по с/х технике,65000.0,,RUR,Воронеж,2022-12-23T10:30:56+0300
112,Начальник отдела строительства и эксплуатации гражданских объектов,60000.0,65000.0,RUR,Тула,2022-12-23T11:39:51+0300
113,Инженер-механик (в г. Ханты-Мансийск),50000.0,,RUR,Ханты-Мансийск,2022-12-23T07:20:50+0300
114,Аналитик/системный аналитик,,,,Новосибирск,2022-12-23T10:56:33+0300
115,Рабочий по комплексному обслуживанию зданий (дворник),56000.0,,RUR,Москва,2022-12-23T06:41:22+0300
116,Инженер/механик,,,,Хохол,2022-12-23T10:30:26+0300
117,Специалист по анализу рынка запасных частей,,,,Москва,2022-12-23T09:27:23+0300
118,Инженер-программист АСУТП,,,,Челябинск,2022-12-23T09:49:03+0300
119,Программист 1С,,,,Воронеж,2022-12-23T10:15:10+0300
120,Инженер-механик,35000.0,,RUR,Чебоксары,2022-12-23T10:30:25+0300
121,"Руководитель проектов (Направление Щиты, Шкафы НКУ)",,,,Челябинск,2022-12-23T09:49:03+0300
122,Бизнес-аналитик,50000.0,,RUR,Дзержинск (Нижегородская область),2022-12-23T09:05:47+0300
123,Менеджер IT-проектов,35000.0,,RUR,Тамбов,2022-12-23T09:36:48+0300
124,"Руководитель отдела разработки IT, СТО",,,,Екатеринбург,2022-12-23T10:11:30+0300
125,"Тестировщик (web, автоматизация)",,,,Томск,2022-12-23T06:08:55+0300
126,Старший продуктовый аналитик (AdTech),,,,Москва,2022-12-23T10:10:13+0300
127,Программист 1С,,,,Саратов,2022-12-23T10:15:10+0300
128,Программист С++ (CUDA),,,,Краснодар,2022-12-23T10:23:57+0300
129,Главный специалист по обеспечению эксплуатации механизированного транспортного состава,75000.0,86000.0,RUR,Тюмень,2022-12-23T07:05:54+0300
130,Руководитель группы сопровождения некредитных продуктов розничного бизнеса,,,,Москва,2022-12-23T11:18:54+0300
131,Full-stack web-разработчик,50000.0,70000.0,RUR,Ставрополь,2022-12-23T10:58:45+0300
132,Фрезеровщик (31 КУО),40000.0,,RUR,Ульяновск,2022-12-23T07:49:41+0300
133,Механик,29000.0,30000.0,RUR,Великий Новгород,2022-12-23T11:40:30+0300
134,Оператор токарного станка с ЧПУ,65000.0,,RUR,Обнинск,2022-12-23T08:54:07+0300
135,Механик погрузочно-разгрузочной техники (РЦ Домодедово),55000.0,,RUR,Подольск (Московская область),2022-12-23T10:02:14+0300
136,DevOps инженер (HR платформа),,,,Москва,2022-12-23T10:05:46+0300
137,Разработчик Oracle,,,,Москва,2022-12-23T11:37:36+0300
138,Старший механик,150000.0,,RUR,Чита,2022-12-23T07:52:14+0300
139,Дизайнер,,,,Королев,2022-12-23T10:21:18+0300
140,Копирайтер-журналист,25000.0,35000.0,RUR,Сочи,2022-12-23T08:44:30+0300
141,Разработчик 1С,170000.0,200000.0,RUR,Всеволожск,2022-12-23T11:55:23+0300
142,Инженер ТСБ (технических средств безопасности),,,,Южно-Сахалинск,2022-12-23T06:38:48+0300
143,Регулировщик радиоэлектронной аппаратуры и приборов (07 КАС),28000.0,67000.0,RUR,Ульяновск,2022-12-23T06:40:39+0300
144,Senior/Lead Python-разработчик,,,,Иваново (Ивановская область),2022-12-23T07:57:28+0300
145,Аналитик Управления информационных технологий,40000.0,,RUR,Красногорск,2022-12-23T10:47:32+0300
146,Программист 1С,,,,Санкт-Петербург,2022-12-23T10:15:10+0300
147,Программист 1С,,,,Ярославль,2022-12-23T10:15:10+0300
148,Инженер технической поддержки,,,,Москва,2022-12-23T10:28:02+0300
149,Оператор станков с ЧПУ,,150000.0,RUR,Новосибирск,2022-12-23T09:15:10+0300
150,Фрезеровщик,,,,Королев,2022-12-23T11:03:35+0300
151,Ведущий эксперт сектора защиты информации отдела безопасности (временная должность),,,,Липецк,2022-12-23T11:10:29+0300
152,Механик по ремонту оборудования,,90000.0,RUR,Александров,2022-12-23T10:43:55+0300
153,Бизнес-аналитик,,,,Москва,2022-12-23T11:07:55+0300
154,Специалист по сопровождению разработки (Product Owner),150000.0,,RUR,Москва,2022-12-23T09:19:03+0300
155,"Специалист поддержки пользователей (п. Светлый, Саха Якутия)",,,,Светлый,2022-12-23T10:50:37+0300
156,Мастер участка по ремонту оборудования,30000.0,,RUR,Киров (Кировская область),2022-12-23T10:54:11+0300
157,Копирайтер-журналист,25000.0,35000.0,RUR,Адлер,2022-12-23T08:44:26+0300
158,Начинающий 1 С Программист / Помощник,25000.0,,RUR,Петрозаводск,2022-12-23T11:33:25+0300
159,Наладчик технологического оборудования 3 разряда-6 разряда,50000.0,,RUR,Белово,2022-12-23T08:34:45+0300
160,"Главный специалист службы эксплуатации ПО, г.Бийск",47000.0,,RUR,Бийск,2022-12-23T08:12:00+0300
161,Pre-Sale Manager (AI Cloud),,,,Москва,2022-12-23T10:09:59+0300
162,Системный аналитик,,,,Краснодар,2022-12-23T11:25:29+0300
163,Наладчик станков и манипуляторов с ПУ,100000.0,125000.0,RUR,Набережные Челны,2022-12-23T09:46:03+0300
164,Оператор контактного центра,38000.0,53000.0,RUR,Санкт-Петербург,2022-12-23T10:23:43+0300
165,Ночной специалист технической поддержки,18000.0,45000.0,RUR,Санкт-Петербург,2022-12-23T09:45:20+0300
166,Программист 1С,80000.0,,RUR,Барнаул,2022-12-23T09:58:45+0300
167,Technical Sales Expert (Cloud Advanced),,,,Москва,2022-12-23T10:09:50+0300
168,Старший механик,53000.0,53000.0,RUR,Менделеевск,2022-12-23T10:42:31+0300
169,Оператор фрезерного станка с ЧПУ,65000.0,,RUR,Обнинск,2022-12-23T08:55:20+0300
170,Аналитик 1С,,90000.0,RUR,Санкт-Петербург,2022-12-23T11:42:25+0300
171,Механик,44000.0,52000.0,RUR,Грахово,2022-12-23T10:41:59+0300
172,Наладчик экструзионного оборудования,60000.0,,RUR,Дзержинск (Нижегородская область),2022-12-23T09:05:33+0300
173,Механик погрузочно-разгрузочной техники (РЦ Домодедово),55000.0,,RUR,Домодедово,2022-12-23T10:02:14+0300
174,Руководитель отдела разработки,,,,Москва,2022-12-23T10:54:15+0300
175,Оператор плазменной резки на производство металлоконструкций,70000.0,,RUR,Колтуши,2022-12-23T09:21:32+0300
176,Механик,44000.0,52000.0,RUR,Мамадыш,2022-12-23T10:42:05+0300
177,Токарь,55000.0,,RUR,Пермь,2022-12-23T09:16:55+0300
178,Специалист службы поддержки в Яндекс Станцию,13000.0,33800.0,RUR,Кемерово,2022-12-23T10:24:43+0300
179,Программист 1С,45000.0,,RUR,Калининград,2022-12-23T08:44:28+0300
180,Токарь 5-6 разряда,100000.0,,RUR,Большой Камень,2022-12-23T07:44:30+0300
181,Оператор станка на мебельное производство,,80000.0,RUR,Мытищи,2022-12-23T11:33:44+0300
182,Механик,44000.0,52000.0,RUR,Менделеевск,2022-12-23T10:42:09+0300
183,Оператор станка с ЧПУ,,,,Москва,2022-12-23T10:29:37+0300
184,Системный администратор,,,,Новосибирск,2022-12-23T08:17:45+0300
185,Слесарь-ремонтник,43000.0,,RUR,Санкт-Петербург,2022-12-23T09:26:30+0300
186,Токарь,,,,Нижний Тагил,2022-12-23T08:00:18+0300
187,Программист 1С,,,,Нижний Новгород,2022-12-23T10:15:10+0300
188,Руководитель проекта «ERP ТОиР»,250000.0,,RUR,Москва,2022-12-23T09:42:52+0300
189,"Разработчик мобильных приложений iOS, Логистика, Пункты выдачи заказов",,,,Санкт-Петербург,2022-12-23T09:51:59+0300
190,Начинающий специалист по обслуживанию банкоматов,28000.0,50000.0,RUR,Оренбург,2022-12-23T10:52:13+0300
191,Программист 1С,,,,Москва,2022-12-23T10:15:10+0300
192,Программист 1С SENIOR (гибрид/удаленка/офис),,,,Челябинск,2022-12-23T06:54:11+0300
193,Системный аналитик (Senior/middle),,,,Казань,2022-12-23T10:18:41+0300
194,Слесарь-сборщик авиационных приборов,,65000.0,RUR,Москва,2022-12-23T11:50:13+0300
195,Токарь 6 разряда,37000.0,39000.0,RUR,Салават,2022-12-23T09:25:12+0300
196,Консультант / аналитик 1С (в аккредитованную компанию),80000.0,,RUR,Саратов,2022-12-23T07:40:59+0300
197,Механик,44000.0,52000.0,RUR,Елабуга,2022-12-23T10:42:17+0300
198,Главный специалист по технической защите информации,85000.0,,RUR,Москва,2022-12-23T11:14:39+0300
199,Наладчик автоматов и полуавтоматов (КСПУ),30000.0,,RUR,Ульяновск,2022-12-23T07:49:08+0300
200,Экономист отдела прогнозирования и индикативного управления,20000.0,35000.0,RUR,Казань,2022-12-23T10:38:21+0300
201,Инженер по ремонту,,,,Волгоград,2022-12-23T08:16:30+0300
202,Фрезеровщик,,105000.0,RUR,Астрахань,2022-12-23T11:54:15+0300
203,Программист 1С,,,,Икша,2022-12-23T10:15:10+0300
204,Фрезеровщик,70000.0,,RUR,Химки,2022-12-23T10:21:52+0300
205,Специалист по видеонаблюдению,50000.0,,RUR,Нестеров,2022-12-23T11:02:49+0300
206,Инженер по видеонаблюдению,,,,Улан-Удэ,2022-12-23T09:58:47+0300
207,Фрезеровщик,,,,Щелково,2022-12-23T11:03:35+0300
208,Маркетолог-аналитик / Формирование продукта / Дирекция по развитию девелоперских проектов,,,,Москва,2022-12-23T11:56:30+0300
209,Механик гаража,40000.0,,RUR,Георгиевск,2022-12-23T10:33:08+0300
210,Фрезеровщик (4-6 разряд),,100000.0,RUR,Москва,2022-12-23T10:42:45+0300
211,Программист 1С MIDDLE (гибрид/удаленка/офис),,,,Челябинск,2022-12-23T06:54:00+0300
212,Тестировщик Middle (web),,,,Новосибирск,2022-12-23T07:05:56+0300
213,Наладчик станков и манипуляторов с программным управлением,61000.0,78000.0,RUR,Кемерово,2022-12-23T09:18:16+0300
214,Руководитель направления аналитики (RuStore),,,,Москва,2022-12-23T10:10:09+0300
215,Фрезеровщик- расточник,50000.0,,RUR,Тамбов,2022-12-23T11:41:30+0300
216,Старший механик швейного оборудования,84000.0,84000.0,RUR,Москва,2022-12-23T10:45:01+0300
217,Наладчик технологического оборудования,,,,Москва,2022-12-23T11:43:04+0300
218,Фрезеровщик,,,,Мытищи,2022-12-23T11:03:35+0300
219,Senior/Lead Python-разработчик,,,,Иркутск,2022-12-23T07:57:28+0300
220,Старший механик,53000.0,53000.0,RUR,Мамадыш,2022-12-23T10:42:27+0300
221,Фрезеровщик,130000.0,150000.0,RUR,Тверь,2022-12-23T11:19:18+0300
222,Инженер телекоммуникации,,,,Чита,2022-12-23T10:23:39+0300
223,Инженер-конструктор (программист),29380.0,67800.0,RUR,Киров (Кировская область),2022-12-23T10:24:28+0300
224,Специалист службы поддержки,31000.0,38000.0,RUR,Воронеж,2022-12-23T09:05:58+0300
225,Регулировщик РЭА и приборов,65000.0,,RUR,Москва,2022-12-23T11:17:33+0300
226,Электрик-диагност,52000.0,52000.0,RUR,Пермь,2022-12-23T09:14:51+0300
227,Консультант SAP SD,,,,Таганрог,2022-12-23T09:15:53+0300
228,DevOps\SRE инженер,,,,Москва,2022-12-23T08:55:52+0300
229,Наладчик,42800.0,,RUR,Рязань,2022-12-23T11:39:20+0300
230,Руководитель группы системных администраторов,,,,Москва,2022-12-23T10:19:58+0300
231,Инженер КИПиА,,,,Иркутск,2022-12-23T10:18:36+0300
232,Программист 1С,,,,Тамбов,2022-12-23T10:15:10+0300
233,Ведущий инженер отдела информационных технологий и связи,51644.0,51644.0,RUR,Новосибирск,2022-12-23T07:09:48+0300
234,Программист 1С:ЗУП,,,,Кемерово,2022-12-23T09:44:05+0300
235,Программист 1С (удаленно),,,,Дмитров,2022-12-23T10:39:04+0300
236,Ведущий специалист по информационной безопасности (кадровый резерв),,,,Уфа,2022-12-23T11:32:37+0300
237,Токарь-универсал,30000.0,,RUR,Новосибирск,2022-12-23T09:15:57+0300
238,Профессор кафедры математического моделирования и информационных технологий,,,,Тамбов,2022-12-23T09:36:44+0300
239,Токарь-универсал,60000.0,90000.0,RUR,Нижний Новгород,2022-12-23T08:43:22+0300
240,Инженер-технолог 1 категории,65000.0,,RUR,Москва,2022-12-23T11:14:18+0300
241,Специалист по информационной безопасности,70000.0,80000.0,RUR,Владивосток,2022-12-23T09:58:17+0300
242,Старший механик,53000.0,53000.0,RUR,Грахово,2022-12-23T10:42:22+0300
243,Электроник по ремонту и обслуживанию металлообрабатывающих станков с ЧПУ,40000.0,40000.0,RUR,Саратов,2022-12-23T08:21:58+0300
244,Ведущий специалист технической поддержки 2 линии (эксплуатация решений МТОиР),,,,Москва,2022-12-23T08:55:52+0300
245,Инженер-программист Directum,50000.0,,RUR,Пермь,2022-12-23T09:15:28+0300
246,Механик/аккумуляторщик,40500.0,,RUR,Самара,2022-12-23T10:18:21+0300
247,Дежурный инженер,,62000.0,RUR,Зеленоград,2022-12-23T11:22:06+0300
248,Ночной консультант службы поддержки пользователей,15600.0,39000.0,RUR,Новосибирск,2022-12-23T09:46:34+0300
249,Ведущий специалист информационной безопасности (ФЗ 152\ФЗ 187),,,,Москва,2022-12-23T10:43:07+0300
250,Инженер по расчетам и режимам,50000.0,,RUR,Москва,2022-12-23T09:43:41+0300
251,Программист 1C ERP,,,,Якутск,2022-12-23T09:58:46+0300
252,Специалист службы поддержки в Яндекс Станцию,13000.0,33800.0,RUR,Набережные Челны,2022-12-23T10:24:43+0300
253,Инженер-программист С#,90000.0,,RUR,Нижний Новгород,2022-12-23T08:46:22+0300
254,Токарь-расточник (5 разряд),,75000.0,RUR,Москва,2022-12-23T10:17:41+0300
255,"Менеджер по проектированию, г.Дзержинск (Нижегородская обл.)",,,,Нижний Новгород,2022-12-23T09:55:39+0300
256,Сервисный инженер (Принтеры/МФУ),10000.0,25000.0,RUR,Сочи,2022-12-23T10:15:31+0300
257,Аналитик SOC,,,,Москва,2022-12-23T10:24:23+0300
258,Программист 1С,,,,Сергиев Посад,2022-12-23T10:15:10+0300
259,Системный аналитик,,,,Москва,2022-12-23T11:25:29+0300
260,Программист 1С,60000.0,,RUR,Волжский (Волгоградская область),2022-12-23T07:24:35+0300
261,Техник-механик,30000.0,,RUR,Выборг,2022-12-23T09:32:31+0300
262,Механик,48400.0,63000.0,RUR,Анжеро-Судженск,2022-12-23T06:33:41+0300
263,Старший редактор,32000.0,35000.0,RUR,Волгоград,2022-12-23T09:18:45+0300
264,Токарь-универсал (5 разряд),70000.0,,RUR,Москва,2022-12-23T10:42:04+0300
265,Контролер технического состояния транспортных средств (ТС),40000.0,43000.0,RUR,Пермь,2022-12-23T06:30:15+0300
266,Senior/Lead Python-разработчик,,,,Кемерово,2022-12-23T07:57:28+0300
267,Фрезеровщик,,,,Фрязино,2022-12-23T11:03:35+0300
268,Механик горный службы по ремонту и эксплуатации,65000.0,75000.0,RUR,Белово,2022-12-23T09:26:45+0300
269,Специалист по ремонту банковского оборудования,60000.0,,RUR,Находка,2022-12-23T08:09:06+0300
270,Старший специалист отдела сетевой и серверной инфраструктуры,,,,Москва,2022-12-23T10:32:24+0300
271,Ведущий инженер-механик,39016.0,,RUR,Нижний Новгород,2022-12-23T09:15:58+0300
272,Фрезеровщик,46000.0,106000.0,RUR,Чехов,2022-12-23T10:53:49+0300
273,Токарь-универсал,50000.0,,RUR,Тольятти,2022-12-23T09:56:22+0300
274,Руководитель направления / Методолог (МСБ),,,,Екатеринбург,2022-12-23T10:26:44+0300
275,Дизайнер группы текстиль,,,,Москва,2022-12-23T11:07:29+0300
276,Наладчик станков с ЧПУ токарной группы,68000.0,,RUR,Москва,2022-12-23T10:19:03+0300
277,Инженер-механик (в г. Ханты-Мансийск),50000.0,,RUR,Омск,2022-12-23T07:20:50+0300
278,Программист 1С:ERP,,,,Екатеринбург,2022-12-23T09:35:34+0300
279,Инженер Linux (мейнтейнер),150000.0,,RUR,Москва,2022-12-23T09:18:08+0300
280,Токарь-универсал,,,,Сафоново,2022-12-23T09:16:58+0300
281,Инженер по информационной безопасности,,,,Москва,2022-12-23T09:34:33+0300
282,Механик по выпуску автотранспорта,,40000.0,RUR,Волгоград,2022-12-23T10:41:56+0300
283,Начальник Отдела информационных технологий,,,,Санкт-Петербург,2022-12-23T11:44:46+0300
284,Специалист службы поддержки в Яндекс Станцию,13000.0,33800.0,RUR,Череповец,2022-12-23T10:24:35+0300
285,Инженер-электронщик/PLC-инженер/Мехатроник,,,,Москва,2022-12-23T09:09:19+0300
286,Наладчик технологического оборудования,,,,Санкт-Петербург,2022-12-23T09:14:38+0300
287,Механик,,,,Москва,2022-12-23T11:36:11+0300
288,Системный аналитик ELMA,,,,Екатеринбург,2022-12-23T07:59:41+0300
289,Рабочий по комплексному обслуживанию зданий,33100.0,33100.0,RUR,Омск,2022-12-23T06:34:44+0300
290,Токарь-расточник,34000.0,,RUR,Омск,2022-12-23T08:17:07+0300
291,Frontend Team Lead,,,,Москва,2022-12-23T10:14:41+0300
292,Сервисный инженер,50000.0,,RUR,Москва,2022-12-23T10:51:07+0300
293,Инженер по сопровождению 1С,,25000.0,RUR,Тамбов,2022-12-23T09:36:52+0300
294,Стажер / ученик токаря-карусельщика,,,,Сафоново,2022-12-23T11:03:58+0300
295,Автоматчик,,,,Калуга,2022-12-23T11:05:55+0300
296,Инженер-механик (в г. Ханты-Мансийск),50000.0,,RUR,Пермь,2022-12-23T07:20:50+0300
297,Менеджер проектов,15000.0,40000.0,RUR,Тольятти,2022-12-23T10:45:23+0300
298,Архитектор по ИТ инфраструктуре,,,,Москва,2022-12-23T10:24:10+0300
299,Аналитик отдела маркетинга,48000.0,,RUR,Новосибирск,2022-12-23T06:26:28+0300
300,Site Reliability Engineering (SRE),,280000.0,RUR,Владивосток,2022-12-23T11:50:37+0300
301,Фрезеровщик,50000.0,80000.0,RUR,Москва,2022-12-23T11:26:05+0300
302,Инженер-механик (в г. Ханты-Мансийск),50000.0,,RUR,Курган,2022-12-23T07:20:50+0300
303,Инженер по пожарной безопасности в г.Ярославль,,,,Иваново (Ивановская область),2022-12-23T08:26:03+0300
304,Шлифовщик профильной шлифовки,45000.0,,RUR,Чебоксары,2022-12-23T09:10:21+0300
305,Программист 1С (г.Барнаул),120000.0,,RUR,Барнаул,2022-12-23T08:13:42+0300
306,Senior Android разработчик в онлайн-кинотеатр KION,,,,Москва,2022-12-23T11:05:21+0300
307,Токарь,36000.0,,RUR,Саранск,2022-12-23T11:32:28+0300
308,Senior/Lead Python-разработчик,,,,Барнаул,2022-12-23T07:57:28+0300
309,Механик,36000.0,,RUR,Тула,2022-12-23T07:59:11+0300
310,Программист 1С,,,,Дмитров,2022-12-23T10:15:10+0300
311,Программист 1С,,,,Санкт-Петербург,2022-12-23T10:56:48+0300
312,Аналитик по направлению систем виртуализации,,,,Москва,2022-12-23T09:37:39+0300
313,Главный механик/специалист по эксплуатации и ремонту технологического оборудования/инженер-механик,70000.0,70000.0,RUR,Сланцы,2022-12-23T10:29:05+0300
314,Инженер ТП и ПО,43000.0,,RUR,Минеральные Воды,2022-12-23T10:54:07+0300
315,Руководитель отдела разработки и сопровождения 1С-систем (ИТ-компания),150000.0,,RUR,Иркутск,2022-12-23T06:57:54+0300
316,Ведущий инженер-программист,110000.0,,RUR,Москва,2022-12-23T11:15:17+0300
317,Программист 1С,,,,Владимир,2022-12-23T10:15:10+0300
318,Второй механик (судовой),89000.0,,RUR,Большой Камень,2022-12-23T08:21:10+0300
319,Старший механик,53000.0,53000.0,RUR,Елабуга,2022-12-23T10:42:41+0300
320,Специалист поддержки в Яндекс Бизнес,13000.0,33800.0,RUR,Улан-Удэ,2022-12-23T10:24:27+0300
321,Специалист службы поддержки в Яндекс Станцию,13000.0,33800.0,RUR,Ставрополь,2022-12-23T10:24:48+0300
322,Мастер по ремонту компьютеров,40000.0,,RUR,Чита,2022-12-23T11:56:22+0300
323,Наладчик ЧПУ (Фрезерная группа),75000.0,80000.0,RUR,Березовский (Свердловская область),2022-12-23T09:43:56+0300
324,Слесарь-ремонтник (5-6 разряд),,,,Москва,2022-12-23T10:17:33+0300
325,Инженер-механик (в г. Ханты-Мансийск),50000.0,,RUR,Тюмень,2022-12-23T07:20:50+0300
326,Системный администратор Linux,,,,Москва,2022-12-23T11:14:49+0300
327,Наладчик-оператор упаковочного оборудования,,58000.0,RUR,Москва,2022-12-23T08:14:18+0300
328,Разработчик Битрикс,80000.0,,RUR,Краснодар,2022-12-23T08:09:26+0300
329,Специалист службы поддержки в Яндекс Станцию,13000.0,33800.0,RUR,Ульяновск,2022-12-23T10:24:41+0300
330,Специалист поддержки в Яндекс Бизнес,13000.0,33800.0,RUR,Архангельск,2022-12-23T10:24:27+0300
331,Ночной специалист технической поддержки,18000.0,45000.0,RUR,Екатеринбург,2022-12-23T09:45:24+0300
332,Фрезеровщик,45000.0,,RUR,Чебоксары,2022-12-23T08:41:44+0300
333,Токарь-расточник,55000.0,,RUR,Ростов-на-Дону,2022-12-23T09:59:02+0300
334,Инженер-механик,,85000.0,RUR,Сланцы,2022-12-23T11:57:58+0300
335,Backend разработчик 1C-Bitrix,80000.0,160000.0,RUR,Воронеж,2022-12-23T10:51:53+0300
336,Фрезеровщик-универсал,60000.0,100000.0,RUR,Нижний Новгород,2022-12-23T08:50:55+0300
337,Токарь (6 разряд),60000.0,60000.0,RUR,Тула,2022-12-23T08:55:27+0300
338,Фрезеровщик,,,,Ивантеевка,2022-12-23T11:03:35+0300
339,Оператор станка (деревообработка),27700.0,27700.0,RUR,Барнаул,2022-12-23T09:47:43+0300
340,Специалист службы поддержки в Яндекс Станцию,13000.0,33800.0,RUR,Киров (Кировская область),2022-12-23T10:24:43+0300
341,Архитектор по инфраструктуре,,,,Москва,2022-12-23T10:23:57+0300
342,Инженер по администрированию программ: Windchill / Creo,80000.0,100000.0,RUR,Санкт-Петербург,2022-12-23T10:09:30+0300
343,Руководитель бюро планирования ремонтов,,,,Казань,2022-12-23T09:56:08+0300
344,Механик по эксплуатации,50000.0,,RUR,Киров (Кировская область),2022-12-23T08:47:32+0300
345,Senior Java Разработчик,,,,Москва,2022-12-23T10:57:23+0300
346,Ведущий консультант-аналитик 1С,,,,Владимир,2022-12-23T08:59:09+0300
347,SDET / Software Development Engineer in Test,,,,Москва,2022-12-23T11:25:59+0300
348,Оператор токарных станков с программным управлением (5 разряд),65000.0,100000.0,RUR,Москва,2022-12-23T10:41:58+0300
349,Старший системный администратор Linux,260000.0,,RUR,Москва,2022-12-23T10:04:34+0300
350,Инженер-механик (в г. Ханты-Мансийск),50000.0,,RUR,Сургут,2022-12-23T07:20:50+0300
351,Инженер-энергетик,,30000.0,RUR,Тула,2022-12-23T09:54:03+0300
352,DevOps инженер (Dev Ops),1500.0,3500.0,USD,Алматы,2022-12-23T09:50:45+0300
353,Senior Front-end developer,,,,Москва,2022-12-23T10:28:18+0300
354,Разработчик DWH (DATA Engineer),,,,Екатеринбург,2022-12-23T09:46:37+0300
355,Руководитель направления по внедрению и развитию ИТ услуг,,,,Москва,2022-12-23T10:24:05+0300
356,Инженер по эксплуатации информационных систем,100000.0,,RUR,Хабаровск,2022-12-23T11:10:48+0300
357,Программист 1С,,,,Йошкар-Ола,2022-12-23T09:58:31+0300
358,Frontend-разработчик (Angular),,,,Пермь,2022-12-23T09:52:48+0300
359,Регулировщик РЭА и приборов,,,,Екатеринбург,2022-12-23T08:14:07+0300
360,Системный аналитик,,,,Москва,2022-12-23T11:34:35+0300
361,"Главный специалист по поддержке пользователей (1,5 линия)",,,,Москва,2022-12-23T09:47:39+0300
362,Специалист службы поддержки в Яндекс Станцию,13000.0,33800.0,RUR,Рязань,2022-12-23T10:24:48+0300
363,Senior/Lead Python-разработчик,,,,Екатеринбург,2022-12-23T07:57:28+0300
364,Руководитель проектов по ИТ-инфраструктуре,,,,Москва,2022-12-23T10:24:18+0300
365,Инженер КИПиА,,,,Чита,2022-12-23T10:18:05+0300
366,Регулировщик РЭА и приборов,26000.0,,RUR,Екатеринбург,2022-12-23T09:11:08+0300
367,Инженер КИПиА,,,,Улан-Удэ,2022-12-23T10:18:51+0300
368,Разработчик хранилища данных,,,,Екатеринбург,2022-12-23T07:59:45+0300
369,Специалист-консультант 1С (оперативный учёт),,,,Ярославль,2022-12-23T10:06:56+0300
370,Главный инженер качества данных,,,,Санкт-Петербург,2022-12-23T09:57:56+0300
371,Фрезеровщик,,,,Сафоново,2022-12-23T09:23:52+0300
372,Специалист службы поддержки в Яндекс ТВ,13000.0,33800.0,RUR,Смоленск,2022-12-23T10:24:36+0300
373,"Инженер-программист АСУ ТП, SCADA",60000.0,,RUR,Саратов,2022-12-23T09:44:35+0300
374,Главный аналитик качества данных,,,,Санкт-Петербург,2022-12-23T10:27:02+0300
375,Senior Java - разработчик,,,,Москва,2022-12-23T10:55:55+0300
376,Senior/Lead Python-разработчик,,,,Уфа,2022-12-23T07:57:28+0300
377,Специалист службы поддержки в Яндекс ТВ,13000.0,33800.0,RUR,Липецк,2022-12-23T10:24:38+0300
378,Специалист службы поддержки в Яндекс ТВ,13000.0,33800.0,RUR,Тула,2022-12-23T10:24:36+0300
379,"Бизнес-аналитик 1C, ERP",,,,Екатеринбург,2022-12-23T07:59:50+0300
380,TechLead Research Engineer (NLP/Speech),300000.0,400000.0,RUR,Иннополис,2022-12-23T10:07:47+0300
381,Специалист службы поддержки в Яндекс ТВ,13000.0,33800.0,RUR,Тула,2022-12-23T10:24:33+0300
382,Специалист службы поддержки в Яндекс Станцию,13000.0,33800.0,RUR,Севастополь,2022-12-23T10:24:49+0300
383,Разработчик HR-функциональности на технологии 1С:Предприятие.Элемент,,,,Москва,2022-12-23T10:54:49+0300
384,Senior/Lead Python-разработчик,,,,Пермь,2022-12-23T07:57:28+0300
385,Программист FPGA (ПЛИС),,,,Мытищи,2022-12-23T09:27:03+0300
386,Инженер по нагрузочному тестированию платформы 1С:Предприятие и типовых конфигураций,,,,Москва,2022-12-23T10:55:09+0300
387,"Электромеханик участка сигнализации, централизации и блокировки",63000.0,,RUR,Киселевск,2022-12-23T07:14:09+0300
388,Фрезеровщик,,,,Пушкино (Московская область),2022-12-23T11:03:35+0300
389,Мастер КИПиА,,,,Улан-Удэ,2022-12-23T10:21:17+0300
390,Графический дизайнер (г. Троицк),35000.0,45000.0,RUR,Троицк (Московская область),2022-12-23T10:06:04+0300
391,Специалист по разработке и сопровождению ESB,,,,Санкт-Петербург,2022-12-23T08:38:17+0300
392,Токарь-расточник,,70000.0,RUR,Москва,2022-12-23T10:55:19+0300
393,Мастер КИПиА,,,,Чита,2022-12-23T10:20:43+0300
394,TechLead Research Engineer (NLP/Speech),300000.0,400000.0,RUR,Санкт-Петербург,2022-12-23T10:07:50+0300
395,Программист 1C,90000.0,,RUR,Красноярск,2022-12-23T11:43:10+0300
396,Системный инженер Linux (Сочи),,,,Сочи,2022-12-23T10:42:01+0300
397,Специалист поддержки в Яндекс Бизнес,13000.0,33800.0,RUR,Владивосток,2022-12-23T10:24:26+0300
398,.net разработчик,,,,Москва,2022-12-23T07:38:37+0300
399,Senior/Lead Python-разработчик,,,,Тюмень,2022-12-23T07:57:28+0300
400,Senior/Lead C++ разработчик,,,,Санкт-Петербург,2022-12-23T07:09:46+0300
401,Ведущий инженер-механик,,109000.0,RUR,Сланцы,2022-12-23T11:57:27+0300
402,Методолог сервисной модели,,,,Москва,2022-12-23T10:24:31+0300
403,Специалист по видеонаблюдению,50000.0,,RUR,Гусев,2022-12-23T11:02:49+0300
404,Разработчик ЦФТ-Банк (IBSO),,,,Москва,2022-12-23T10:54:16+0300
405,Токарь-карусельщик 4-5 разряда,,,,Калуга,2022-12-23T11:35:47+0300
406,Middle/Middle+ QA Automation Engineer (Java),,,,Москва,2022-12-23T10:30:54+0300
407,Senior/Lead Python-разработчик,,,,Ижевск,2022-12-23T07:57:28+0300
408,Мастер КИПиА,,,,Иркутск,2022-12-23T10:21:02+0300
409,Специалист службы поддержки в Яндекс ТВ,13000.0,33800.0,RUR,Набережные Челны,2022-12-23T10:24:46+0300
410,Станочник широкого профиля (4 разряд),45000.0,45000.0,RUR,Тула,2022-12-23T09:01:30+0300
411,Специалист службы поддержки в Яндекс ТВ,13000.0,33800.0,RUR,Подольск (Московская область),2022-12-23T10:24:46+0300
412,Старший механик нефтепереработки,,,,Комсомольск-на-Амуре,2022-12-23T10:23:42+0300
413,Системный администратор Linux,200000.0,,RUR,Москва,2022-12-23T10:04:20+0300
414,Senior/Lead Python-разработчик,,,,Самара,2022-12-23T07:57:28+0300
415,Специалист службы поддержки в Яндекс ТВ,13000.0,33800.0,RUR,Кемерово,2022-12-23T10:24:41+0300
416,Шлифовщик-полировщик (ферриты и керамика),100650.0,,RUR,Санкт-Петербург,2022-12-23T11:18:54+0300
417,Senior/Lead Python-разработчик,,,,Красноярск,2022-12-23T07:57:28+0300
418,Senior/Lead Python-разработчик,,,,Омск,2022-12-23T07:57:28+0300
419,Специалист службы поддержки в Яндекс ТВ,13000.0,33800.0,RUR,Курск,2022-12-23T10:24:39+0300
420,Автор по программированию,,50000.0,RUR,Нижний Новгород,2022-12-23T08:32:59+0300
421,Специалист службы поддержки в Яндекс ТВ,13000.0,33800.0,RUR,Калуга,2022-12-23T10:24:41+0300
422,Специалист службы поддержки в Яндекс Станцию,13000.0,33800.0,RUR,Сочи,2022-12-23T10:24:48+0300
423,Специалист службы поддержки в Яндекс Станцию,13000.0,33800.0,RUR,Подольск (Московская область),2022-12-23T10:24:42+0300
424,Специалист службы поддержки в Яндекс ТВ,13000.0,33800.0,RUR,Иваново (Ивановская область),2022-12-23T10:24:40+0300
425,Инженер-электронщик (медицинское оборудование),,,,Мытищи,2022-12-23T11:37:47+0300
426,Senior/Lead C++ разработчик,,,,Екатеринбург,2022-12-23T07:09:46+0300
427,Инженер АСУ ТП,,104000.0,RUR,Москва,2022-12-23T11:42:02+0300
428,Senior/Lead Python-разработчик,,,,Томск,2022-12-23T07:57:28+0300
429,Ведущий программист 1С,160000.0,180000.0,RUR,Санкт-Петербург,2022-12-23T10:56:30+0300
430,Автор по программированию,,50000.0,RUR,Челябинск,2022-12-23T08:32:59+0300
431,Разработчик интеграционных модулей 1С/XSLT,,150000.0,RUR,Екатеринбург,2022-12-23T10:13:50+0300
432,Специалист службы поддержки в Яндекс ТВ,13000.0,33800.0,RUR,Новосибирск,2022-12-23T10:24:34+0300
433,Senior/Lead C++ разработчик,,,,Новосибирск,2022-12-23T07:09:46+0300
434,Senior/Lead Python-разработчик,,,,Краснодар,2022-12-23T07:57:28+0300
435,"Оператор станков с ПУ 3-5 разряда (фрезерная, сверлильная группа)",,,,Калуга,2022-12-23T09:11:49+0300
436,Специалист службы поддержки в Яндекс ТВ,13000.0,33800.0,RUR,Вологда,2022-12-23T10:24:40+0300
437,Инженер-программист C#,,,,Тольятти,2022-12-23T06:45:14+0300
438,Руководитель отдела разработки блочно-комплектного энергетического оборудования,80000.0,,RUR,Саратов,2022-12-23T10:28:53+0300
439,Автор по программированию,,50000.0,RUR,Казань,2022-12-23T08:32:59+0300
440,Столяр,,39330.0,RUR,Москва,2022-12-23T11:54:36+0300
441,Middle/senior Golang Developer [Kubernetes],,,,Москва,2022-12-23T11:33:09+0300
442,Senior Java-разработчик,,,,Казань,2022-12-23T11:17:34+0300
443,Senior Kotlin Multiplatform разработчик,,,,Новосибирск,2022-12-23T10:28:51+0300
444,Специалист по разработке и сопровождению ESB,,,,Москва,2022-12-23T08:38:12+0300
445,Специалист службы поддержки в Яндекс ТВ,13000.0,33800.0,RUR,Череповец,2022-12-23T10:24:48+0300
446,Senior/Lead Python-разработчик,,,,Новосибирск,2022-12-23T07:57:28+0300
447,Автор по программированию,,50000.0,RUR,Омск,2022-12-23T08:32:59+0300
448,Разработчик Micro Focus Service Manager,,,,Казань,2022-12-23T09:27:57+0300
449,Автор по программированию,,50000.0,RUR,Екатеринбург,2022-12-23T08:32:59+0300
450,Senior Java-разработчик,,,,Нижний Новгород,2022-12-23T11:17:34+0300
451,TechLead Research Engineer (NLP/Speech),300000.0,400000.0,RUR,Москва,2022-12-23T10:07:53+0300
452,Аналитик 1С,,,,Тольятти,2022-12-23T06:45:23+0300
453,Специалист службы поддержки в Яндекс ТВ,13000.0,33800.0,RUR,Грозный,2022-12-23T10:24:47+0300
454,Data Engineer,,,,Москва,2022-12-23T11:28:34+0300
455,Автор по программированию,,50000.0,RUR,Ростов-на-Дону,2022-12-23T08:32:59+0300
456,Специалист службы поддержки в Яндекс ТВ,13000.0,33800.0,RUR,Сочи,2022-12-23T10:24:47+0300
457,Senior Kotlin Multiplatform разработчик,,,,Москва,2022-12-23T10:28:51+0300
458,Network Administrator / Сетевой Администратор,,,,Москва,2022-12-23T11:48:08+0300
459,Node.JS Backend Developer,,,,Санкт-Петербург,2022-12-23T16:36:35+0300
460,Термист 4-6 разряд,60000.0,,RUR,Москва,2022-12-23T12:03:03+0300
461,Middle инженер тестирования,,,,Москва,2022-12-23T14:26:08+0300
462,Специалист технической поддержки / Инженер Helpdesk / Системный администратор,55000.0,,RUR,Санкт-Петербург,2022-12-23T16:44:18+0300
463,Помощник системного администратора (стажер),,,,Бронницы,2022-12-23T14:59:02+0300
464,Инженер сопровождения АБС ЦФТ,,,,Уфа,2022-12-23T14:58:27+0300
465,"Сервисный инженер по ремонту копировальной техники, Принтеров, МФУ",40000.0,60000.0,RUR,Санкт-Петербург,2022-12-23T13:34:09+0300
466,Специалист технической поддержки,30000.0,,RUR,Пенза,2022-12-23T16:08:44+0300
467,Программист,,,,Москва,2022-12-23T15:52:04+0300
468,Инженер отдела сервиса,50000.0,,RUR,Москва,2022-12-23T13:30:29+0300
469,Стажер Битрикс-разработчик,,,,Курск,2022-12-23T12:10:34+0300
470,Графический дизайнер,,,,Москва,2022-12-23T14:06:39+0300
471,Руководитель проектов внедрения,150000.0,,RUR,Санкт-Петербург,2022-12-23T15:03:40+0300
472,Мобильный механик по транспорту (Предрейсовый контроль ТС),35000.0,65000.0,RUR,Москва,2022-12-23T12:09:35+0300
473,Оператор станка с ЧПУ,30000.0,45000.0,RUR,Ижевск,2022-12-23T15:14:59+0300
474,Инженер технической поддержки (Wireless),,120000.0,RUR,Новосибирск,2022-12-23T12:28:47+0300
475,PHP-программист,,150000.0,RUR,Новокузнецк,2022-12-23T13:05:59+0300
476,Senior Python-разработчик,,,,Москва,2022-12-23T17:53:38+0300
477,Специалист службы технической поддержки,40000.0,,RUR,Видное,2022-12-23T14:04:17+0300
478,Специалист технической поддержки,75000.0,75000.0,RUR,Москва,2022-12-23T14:14:47+0300
479,Теплотехник,40000.0,45000.0,RUR,Оренбург,2022-12-23T13:22:46+0300
480,Системный администратор,90000.0,,RUR,Санкт-Петербург,2022-12-23T16:52:26+0300
481,Инженер технической поддержки пользователей АРМ,,,,Санкт-Петербург,2022-12-23T14:03:41+0300
482,Механик,80000.0,,RUR,Новосибирск,2022-12-23T15:10:40+0300
483,Инженер-конструктор пресс-форм,100000.0,,RUR,Челябинск,2022-12-23T15:43:32+0300
484,Администратор вычислительной сети,,,,Волжский (Волгоградская область),2022-12-23T14:58:45+0300
485,Рабочий по комплексному обслуживанию зданий,20000.0,,RUR,Курск,2022-12-23T14:15:01+0300
486,Аналитик (отдел информационных систем клиентского сервиса),,,,Москва,2022-12-23T15:58:15+0300
487,Системный аналитик,150000.0,,RUR,Москва,2022-12-23T16:20:44+0300
488,Game Designer,,,,Санкт-Петербург,2022-12-23T17:21:04+0300
489,Node.JS Backend Developer,,,,Москва,2022-12-23T16:36:39+0300
490,Разработчик Oracle,,,,Москва,2022-12-23T17:35:18+0300
491,Выездной инженер технической поддержки,45000.0,,RUR,Рязань,2022-12-23T15:01:29+0300
492,Менеджер уровня сервиса (направление: телеком),,,,Санкт-Петербург,2022-12-23T13:23:29+0300
493,Токарь-универсал,35000.0,70000.0,RUR,Омск,2022-12-23T13:22:37+0300
494,Руководитель проектов,150000.0,180000.0,RUR,Москва,2022-12-23T14:15:08+0300
495,Менеджер по операционной поддержке проекта (чат-бот),,,,Москва,2022-12-23T15:58:37+0300
496,Middle/Senior Java developer,,,,Москва,2022-12-23T13:50:06+0300
497,Дежурный системный инженер (команда мониторинга),,,,Москва,2022-12-23T12:57:09+0300
498,Бизнес-аналитик 1С ЗУП,,,,Москва,2022-12-23T17:03:40+0300
499,Аналитик (управление аналитическими данными),,,,Москва,2022-12-23T15:58:30+0300
500,Сервисный инженер ЦТО-Одинцово,65000.0,90000.0,RUR,Одинцово,2022-12-23T17:46:21+0300
501,Ведущий специалист по информационным технологиям,,110000.0,RUR,Санкт-Петербург,2022-12-23T16:49:46+0300
502,Специалист по администрированию ИС,70000.0,70000.0,RUR,Москва,2022-12-23T17:20:16+0300
503,Наладчик оборудования (пивобезалкогольного производства),34000.0,50000.0,RUR,Брянск,2022-12-23T17:13:44+0300
504,Системный администратор,40000.0,50000.0,RUR,Нижний Новгород,2022-12-23T15:51:30+0300
505,Сервисный инженер (Северные районы),70000.0,,RUR,Санкт-Петербург,2022-12-23T17:33:46+0300
506,Инженер поддержки АБС,,,,Самара,2022-12-23T14:58:33+0300
507,Техник по обслуживанию зданий магазинов,45000.0,,RUR,Ярославль,2022-12-23T15:49:33+0300
508,Инженер отдела автоматизации,50000.0,,RUR,Казань,2022-12-23T16:20:44+0300
509,Специалист по информационным системам,60000.0,,RUR,Москва,2022-12-23T13:26:55+0300
510,Координатор/руководитель проектов в отдел разработки электронных курсов,60000.0,80000.0,RUR,Москва,2022-12-23T13:00:04+0300
511,Старший механик ремонтного цеха,100000.0,,RUR,Белово,2022-12-23T13:49:39+0300
512,Администратор сред,,,,Москва,2022-12-23T13:42:54+0300
513,"Разработчик JavaScript (Vue), Аккаунт продавца, Инструменты торговой площадки",,,,Москва,2022-12-23T13:37:14+0300
514,Frontend-разработчик,150000.0,,RUR,Санкт-Петербург,2022-12-23T13:43:38+0300
515,Инженер слаботочных систем,52000.0,,RUR,Шахты,2022-12-23T14:57:23+0300
516,Технический специалист БИТРИКС24,50000.0,80000.0,RUR,Новая Адыгея,2022-12-23T13:22:29+0300
517,Аналитик по внедрению CAD\PLM систем,95000.0,,RUR,Москва,2022-12-23T14:35:05+0300
518,Аналитик отдела продаж,,,,Санкт-Петербург,2022-12-23T15:32:27+0300
519,Руководитель проекта,150000.0,,RUR,Великий Новгород,2022-12-23T15:21:18+0300
520,Оператор токарного станка с ЧПУ,50000.0,70000.0,RUR,Нижний Новгород,2022-12-23T14:25:43+0300
521,Контролер технического состояния автотранспортных средств,45000.0,50000.0,RUR,Краснодар,2022-12-23T14:58:35+0300
522,Технический специалист БИТРИКС24,50000.0,80000.0,RUR,Краснодар,2022-12-23T13:22:29+0300
523,Инженер-конструктор пресс-форм,100000.0,,RUR,Долгодеревенское,2022-12-23T15:43:32+0300
524,Backend Python Engineer (в Дубаи),6500.0,,USD,Москва,2022-12-23T14:00:13+0300
525,Senior Unity Developer,,,,Москва,2022-12-23T16:25:34+0300
526,Эксперт кибербезопасности,,,,Москва,2022-12-23T15:10:55+0300
527,Эксперт кибербезопасности,,,,Краснодар,2022-12-23T15:11:10+0300
528,Графический дизайнер,50000.0,50000.0,RUR,Краснодар,2022-12-23T17:59:37+0300
529,Полировщик,54444.0,75000.0,RUR,Челябинск,2022-12-23T14:12:35+0300
530,Инженер АСУ ТП,50000.0,,RUR,Волгоград,2022-12-23T15:01:31+0300
531,Монтажник слаботочных систем,55000.0,80000.0,RUR,Екатеринбург,2022-12-23T15:48:55+0300
532,Руководитель ИТ-проектов,,,,Тюмень,2022-12-23T15:02:08+0300
533,Дизайнер наружной рекламы,25000.0,35000.0,RUR,Симферополь,2022-12-23T13:22:46+0300
534,Руководитель продакшен-направления,50000.0,,RUR,Киров (Кировская область),2022-12-23T16:26:29+0300
535,Менеджер проекта,65000.0,95000.0,RUR,Великий Новгород,2022-12-23T17:19:24+0300
536,"Frontend-разработчик в проект ""Одноклассники""",,,,Санкт-Петербург,2022-12-23T12:20:42+0300
537,Бродкаст дизайнер,180000.0,180000.0,RUR,Москва,2022-12-23T14:20:45+0300
538,Аналитик (Коммерческая служба),,,,Санкт-Петербург,2022-12-23T15:29:13+0300
539,Системный администратор,,40000.0,RUR,Осинники,2022-12-23T12:12:32+0300
540,Сервисный инженер по обслуживанию оборудования связи и навигации,60000.0,150000.0,RUR,Мурманск,2022-12-23T16:08:54+0300
541,Frontend developer Team Bravo (Desktop),,,,Тбилиси,2022-12-23T17:11:34+0300
542,Системный администратор,,,,Волжский (Волгоградская область),2022-12-23T12:44:06+0300
543,Frontend-разработчик,150000.0,,RUR,Воронеж,2022-12-23T13:43:38+0300
544,Механик-сборщик,70000.0,120000.0,RUR,Одинцово,2022-12-23T13:22:28+0300
545,Инсталлятор / Специалист по подключению абонентов / Монтажник интернет-сетей,59000.0,,RUR,Иркутск,2022-12-23T12:08:06+0300
546,Специалист отдела сопровождения ИТ-инфраструктуры/Системный администратор,,,,Северск (Томская область),2022-12-23T15:30:13+0300
547,Менеджер проекта,,,,Москва,2022-12-23T15:25:38+0300
548,Инженер-программист С++ (железо),120000.0,,RUR,Зеленоград,2022-12-23T14:41:31+0300
549,Оператор станка с программным управлением (токарная группа),100000.0,,RUR,Санкт-Петербург,2022-12-23T13:34:58+0300
550,Дизайнер студийных пространств,120000.0,120000.0,RUR,Москва,2022-12-23T14:32:36+0300
551,Главный механик сельхозпредприятия,114900.0,114900.0,RUR,Краснодар,2022-12-23T16:49:30+0300
552,Инженер-конструктор пресс-форм,100000.0,,RUR,Еманжелинка,2022-12-23T15:43:32+0300
553,Контент-редактор,,,,Москва,2022-12-23T15:46:57+0300
554,Главный специалист Отдела повышения эффективности бизнес-процессов,,,,Москва,2022-12-23T13:16:31+0300
555,Инженер-программист,56500.0,,RUR,Тверь,2022-12-23T15:28:08+0300
556,Оператор станков с ЧПУ (плазменная резка),48000.0,,RUR,Пенза,2022-12-23T14:10:26+0300
557,"Backend developer (Node.js, Middle / Senior)",,,,Екатеринбург,2022-12-23T16:51:35+0300
558,Исследователь данных (SQL-аналитик) м. Крылатское,,,,Москва,2022-12-23T14:06:03+0300
559,Full-stack разработчик,,,,Москва,2022-12-23T13:54:24+0300
560,Копирайтер со знанием немецкого языка,,,,Москва,2022-12-23T13:03:58+0300
561,Верстальщик,,,,Москва,2022-12-23T13:49:16+0300
562,Тестировщик ПО,,140000.0,RUR,Москва,2022-12-23T14:22:53+0300
563,Токарь на DИП 300,60000.0,80000.0,RUR,Ростов-на-Дону,2022-12-23T13:14:44+0300
564,Контролер технического состояния автотранспортных средств,,,,Пермь,2022-12-23T14:21:05+0300
565,"Системный администратор (IT, защита информации)",60000.0,,RUR,Санкт-Петербург,2022-12-23T12:16:21+0300
566,QA инженер,,,,Новосибирск,2022-12-23T16:08:47+0300
567,Токарь,120000.0,130000.0,RUR,Самара,2022-12-23T17:37:26+0300
568,Системный администратор,,40000.0,RUR,Калтан,2022-12-23T12:12:32+0300
569,Главный механик сельхозпредприятия,114900.0,114900.0,RUR,Новокубанск,2022-12-23T16:49:30+0300
570,Web-разработчик (API),,,,Екатеринбург,2022-12-23T13:41:46+0300
571,Токарь,110000.0,,RUR,Барнаул,2022-12-23T12:40:10+0300
572,Менеджер по развитию бизнеса / руководитель направления ИБП (менеджер продукта ИБП),,,,Москва,2022-12-23T14:03:56+0300
573,Бизнес-аналитик (отдел развития цифровых продуктов),,,,Москва,2022-12-23T15:58:10+0300
574,"FullStack разработчик (PHP, Javascript)",,,,Москва,2022-12-23T12:42:03+0300
575,Администратор АС (Процессинговая система ППРБ. Карты),,,,Москва,2022-12-23T17:35:27+0300
576,QA Automation Engineer / Специалист по автоматизированному тестированию + manual (Remote),,,,Баку,2022-12-23T14:59:55+0300
577,Сервис менеджер (анализ защищенности и репутации),,,,Москва,2022-12-23T12:34:09+0300
578,Level Artist,,,,Санкт-Петербург,2022-12-23T14:59:50+0300
579,Программист-разработчик,65000.0,,RUR,Барнаул,2022-12-23T12:09:28+0300
580,IT Problem Manager,,,,Москва,2022-12-23T14:20:46+0300
581,Механик по выпуску,40000.0,,RUR,Йошкар-Ола,2022-12-23T15:57:51+0300
582,Специалист по расследованию компьютерных инцидентов,,,,Москва,2022-12-23T13:51:06+0300
583,Механик по выпуску / ремонту автомобилей / дорожно-строительной техники,130000.0,140000.0,RUR,Волгоград,2022-12-23T12:19:26+0300
584,DevOps specialist,,,,Тюмень,2022-12-23T14:59:38+0300
585,Риск-менеджер,,,,Москва,2022-12-23T12:47:04+0300
586,Механик по выпуску / ремонту автомобилей / дорожно-строительной техники,130000.0,140000.0,RUR,Воронеж,2022-12-23T12:19:26+0300
587,Механик по ремонту оборудования (цех по ремонту узлов и агрегатов),150000.0,,RUR,Прокопьевск,2022-12-23T12:30:00+0300
588,Программист Python (NetDevOps),60000.0,,RUR,Ростов-на-Дону,2022-12-23T16:59:39+0300
589,Инженер-программист 1 категория,40000.0,,RUR,Вологда,2022-12-23T13:49:10+0300
590,Ведущий специалист по информационной безопасности,,,,Нижний Новгород,2022-12-23T12:50:44+0300
591,Оператор-наладчик оборудования,63000.0,,RUR,Всеволожск,2022-12-23T12:12:34+0300
592,Механик по выпуску / ремонту автомобилей / дорожно-строительной техники,130000.0,140000.0,RUR,Омск,2022-12-23T12:19:26+0300
593,IOS Developer,,,,Тбилиси,2022-12-23T17:56:41+0300
594,Инженер-программист,50000.0,,RUR,Волгоград,2022-12-23T15:00:38+0300
595,Программист,40000.0,,RUR,Березники,2022-12-23T13:58:33+0300
596,Механизатор,50000.0,,RUR,Челябинск,2022-12-23T14:57:24+0300
597,DevOps инженер,,,,Москва,2022-12-23T15:12:07+0300
598,Механик по выпуску / ремонту автомобилей / дорожно-строительной техники,130000.0,140000.0,RUR,Кемерово,2022-12-23T12:19:26+0300
599,Сетевой инженер (Cisco),,,,Москва,2022-12-23T15:13:30+0300
600,Инженер-конструктор пресс-форм,100000.0,,RUR,Копейск,2022-12-23T15:43:32+0300
601,Редактор новостей в Отдел Россия («Лента.ру»),,,,Москва,2022-12-23T17:35:34+0300
602,Системный аналитик,,,,Волгоград,2022-12-23T17:10:39+0300
603,Техник/инженер по обслуживанию слаботочных систем,50000.0,100000.0,RUR,Москва,2022-12-23T13:22:01+0300
604,Data Scientist,,,,Москва,2022-12-23T12:26:09+0300
605,Инженер-конструктор (машины и механизмы сельскохозяйственного назначения),70000.0,,RUR,Железнодорожный,2022-12-23T13:51:29+0300
606,Инженер по обслуживанию подвижного состава,65000.0,,RUR,Москва,2022-12-23T13:25:46+0300
607,Механик,80000.0,,RUR,Иркутск,2022-12-23T15:10:40+0300
608,Техник по эксплуатации в ресторан,60000.0,,RUR,Химки,2022-12-23T16:12:09+0300
609,Специалист по презентациям (дизайнер),,,,Москва,2022-12-23T17:55:00+0300
610,Ведущий системный аналитик (направление Электроэнергетика),,,,Москва,2022-12-23T16:56:08+0300
611,Шлифовщик плоскошлифовальных станков,45000.0,,RUR,Киров (Кировская область),2022-12-23T15:59:05+0300
612,Системный администратор,,,,Магнитогорск,2022-12-23T12:25:47+0300
613,Руководитель проекта,200000.0,,RUR,Красноярск,2022-12-23T17:10:20+0300
614,Главный специалист (техническая поддержка) Управления информационных технологий,120000.0,,RUR,Москва,2022-12-23T15:29:12+0300
615,Data Scientist (Middle),,,,Москва,2022-12-23T17:02:52+0300
616,3D дизайнер (3D моделирование в онлайн школу),,,,Москва,2022-12-23T12:11:54+0300
617,Инженер по эксплуатации базовых станций и транспортной сети,,,,Санкт-Петербург,2022-12-23T17:10:44+0300
618,Администратор СУБД,,,,Новоуральск,2022-12-23T15:29:29+0300
619,Системный администратор,56000.0,56000.0,RUR,Казань,2022-12-23T12:51:35+0300
620,Специалист по работе с патентами,,,,Уфа,2022-12-23T15:24:12+0300
621,Оператор службы технической поддержки,30000.0,45000.0,RUR,Санкт-Петербург,2022-12-23T16:19:52+0300
622,Программист баз данных,110000.0,,RUR,Санкт-Петербург,2022-12-23T16:51:17+0300
623,Backend (GO) разработчик,200000.0,,RUR,Севастополь,2022-12-23T13:49:48+0300
624,Инженер-программист АСУТП,75000.0,110000.0,RUR,Екатеринбург,2022-12-23T16:05:20+0300
625,Инженер-конструктор пресс-форм,100000.0,,RUR,Еткуль,2022-12-23T15:43:32+0300
626,Системный администратор,65000.0,,RUR,Краснодар,2022-12-23T14:18:44+0300
627,Kanban Coach,,,,Москва,2022-12-23T14:44:19+0300
628,Выездной мастер по ремонту телефонов Samsung (Сервисный инженер),90000.0,,RUR,Москва,2022-12-23T16:26:46+0300
629,Электромеханик,,,,Астана,2022-12-23T14:32:45+0300
630,Специалист технической поддержки,60000.0,,RUR,Балашиха,2022-12-23T14:36:48+0300
631,Программист,40000.0,,RUR,Соликамск,2022-12-23T13:59:21+0300
632,Механик по выпуску / ремонту автомобилей / дорожно-строительной техники,130000.0,140000.0,RUR,Минеральные Воды,2022-12-23T12:19:26+0300
633,Инженер по информационной безопасности (Offensive Application Security),,,,Москва,2022-12-23T17:44:21+0300
634,Инженер-программист / Разработчик баз данных,,,,Тюмень,2022-12-23T14:59:39+0300
635,PHP Middle в SocialJet,60000.0,,RUR,Санкт-Петербург,2022-12-23T16:20:37+0300
636,Системный аналитик,,,,Москва,2022-12-23T17:00:01+0300
637,Инженер - программист 1С,,,,Миасс,2022-12-23T14:15:31+0300
638,Инженер по безопасности движения,,37600.0,RUR,Киров (Кировская область),2022-12-23T15:40:57+0300
639,Junior Malware Analyst,,,,Москва,2022-12-23T13:50:51+0300
640,Заместитель технического директора (Технический директор отрасли),,,,Москва,2022-12-23T12:52:39+0300
641,Токарь,,,,Красноярск,2022-12-23T12:23:32+0300
642,Менеджер продукта (МФО и кредитование в партнерах),,,,Москва,2022-12-23T16:31:52+0300
643,Фрезеровщик,115000.0,125000.0,RUR,Челябинск,2022-12-23T17:35:05+0300
644,Backend разработчик (удаленно),150000.0,,RUR,Москва,2022-12-23T13:42:23+0300
645,Администратор Openshift/k8s (junior),,,,Москва,2022-12-23T14:28:30+0300
646,Senior/Middle+ Java developer (ВТБ Лизинг),,,,Москва,2022-12-23T17:23:47+0300
647,Ведущий Full-Stack разработчик,,,,Краснодар,2022-12-23T14:40:27+0300
648,QA инженер (mobile),,,,Уфа,2022-12-23T12:11:16+0300
649,Руководитель продукта 1С,200000.0,,RUR,Москва,2022-12-23T14:43:36+0300
650,Разработчик схем по размещению и креплению грузов при транспортировке по железной дороге,40000.0,70000.0,RUR,Уфа,2022-12-23T13:22:00+0300
651,Системный администратор Windows,170000.0,,RUR,Санкт-Петербург,2022-12-23T13:34:49+0300
652,Механик,80000.0,,RUR,Красноярск,2022-12-23T15:05:03+0300
653,Главный программист,33000.0,45000.0,RUR,Чебоксары,2022-12-23T15:25:07+0300
654,Менеджер проекта/Аналитик,,,,Москва,2022-12-23T12:22:40+0300
655,Ведущий специалист по сопровождению,,,,Ростов-на-Дону,2022-12-23T12:34:07+0300
656,Главный эксперт кибербезопасности,,,,Краснодар,2022-12-23T15:12:13+0300
657,Системный / бизнес аналитик,250000.0,,RUR,Москва,2022-12-23T14:19:23+0300
658,Электрик-диагност,60000.0,,RUR,Калуга,2022-12-23T15:48:44+0300
659,Специалист по процессному управлению,30000.0,,RUR,Батайск,2022-12-23T15:10:23+0300
660,Главный механик сельхозпредприятия,114900.0,114900.0,RUR,Лабинск,2022-12-23T16:49:30+0300
661,Токарь на станках ЧПУ и на токарно-универсальных станках,45000.0,,RUR,Киров (Кировская область),2022-12-23T16:18:14+0300
662,Оператор станков с программным управлением,76366.0,80000.0,RUR,Москва,2022-12-23T14:56:28+0300
663,Оператор-наладчик станков с ЧПУ (Токарная группа с приводным инструментом),90000.0,110000.0,RUR,Санкт-Петербург,2022-12-23T15:30:55+0300
664,Специалист по видеонаблюдению,30000.0,50000.0,RUR,Альметьевск,2022-12-23T16:20:26+0300
665,Электромеханик связи,30000.0,,RUR,Ростов-на-Дону,2022-12-23T13:21:02+0300
666,Разработчик Oracle (PL/SQL),,,,Москва,2022-12-23T16:26:26+0300
667,Инженер слаботочных систем,52000.0,,RUR,Зверево,2022-12-23T14:54:06+0300
668,Специалист по управлению ИТ-активами,70000.0,,RUR,Москва,2022-12-23T14:14:58+0300
669,Электромеханик (группа обеспечения инженерных сетей),,,,Зеленоград,2022-12-23T17:24:49+0300
670,Токарь-фрезеровщик,80000.0,,RUR,Санкт-Петербург,2022-12-23T15:24:04+0300
671,Инженер,60000.0,,RUR,Белгород,2022-12-23T12:51:45+0300
672,Менеджер по проектам,45000.0,50000.0,RUR,Новоуральск,2022-12-23T14:26:55+0300
673,Педагог информационных технологий и технологий виртуальной реальности,45000.0,54000.0,RUR,Разметелево,2022-12-23T14:45:59+0300
674,Администратор WAF,,,,Москва,2022-12-23T12:46:25+0300
675,Главный аналитик (anti-fraud) Департамент розничных рисков,,,,Москва,2022-12-23T16:51:53+0300
676,Инженер-конструктор пресс-форм,100000.0,,RUR,Октябрьское (Челябинская область),2022-12-23T15:43:32+0300
677,Руководитель аналитического центра (Head of Analytics),,,,Москва,2022-12-23T15:46:10+0300
678,Инженер по защите информации (IT),50000.0,,RUR,Санкт-Петербург,2022-12-23T12:17:29+0300
679,Главный эксперт кибербезопасности,,,,Москва,2022-12-23T15:06:21+0300
680,QA инженер (web),,,,Уфа,2022-12-23T12:11:16+0300
681,Business Data Engineer,,,,Краснодар,2022-12-23T17:10:39+0300
682,"Системный администратор, Техподдержка",,,,Москва,2022-12-23T17:35:29+0300
683,"Java-разработчик (Процессинг, проект миграции)",,,,Москва,2022-12-23T17:34:30+0300
684,Программист,100000.0,100000.0,RUR,Новосибирск,2022-12-23T13:40:26+0300
685,Шлифовщик,85000.0,,RUR,Набережные Челны,2022-12-23T14:43:40+0300
686,UI/UX дизайнер (админки),,,,Москва,2022-12-23T15:39:29+0300
687,Редактор,,,,Москва,2022-12-23T13:39:33+0300
688,Системный аналитик,,,,Омск,2022-12-23T17:10:40+0300
689,Электромеханик по холодильному оборудованию,50000.0,,RUR,Ярославль,2022-12-23T15:53:38+0300
690,Инженер-программист,,30000.0,RUR,Курск,2022-12-23T13:29:17+0300
691,Аналитик-технолог,,,,Москва,2022-12-23T14:43:24+0300
692,Инженер-программист,,,,Санкт-Петербург,2022-12-23T13:24:53+0300
693,Оператор автоматических и полуавтоматических линий станков и установок,50000.0,,RUR,Набережные Челны,2022-12-23T15:35:50+0300
694,Специалист-методист по заработной плате/консультант 1С,30000.0,120000.0,RUR,Волгоград,2022-12-23T13:40:26+0300
695,Токарь 5 разряд,32920.0,,RUR,Вологда,2022-12-23T13:49:12+0300
696,Специалист технической поддержки,60000.0,,RUR,Щелково,2022-12-23T14:34:56+0300
697,IT System Administrator (Google Workspace),,,,Москва,2022-12-23T15:35:54+0300
698,Сервисный инженер (Южные районы),70000.0,,RUR,Санкт-Петербург,2022-12-23T17:36:43+0300
699,Токарь,110000.0,,RUR,Курган,2022-12-23T12:40:10+0300
700,Web-программист,,,,Кострома,2022-12-23T14:50:49+0300
701,Фрезеровщик,80000.0,,RUR,Набережные Челны,2022-12-23T14:25:03+0300
702,Специалист технической поддержки,60000.0,,RUR,Железнодорожный,2022-12-23T14:32:45+0300
703,Аналитик L3 SOC,,,,Москва,2022-12-23T12:46:23+0300
704,Администратор WMS-системы,,,,Москва,2022-12-23T12:29:59+0300
705,Web-разработчик,,,,Москва,2022-12-23T15:41:36+0300
706,Наладчик станков с ЧПУ 6 разряда,56000.0,56000.0,RUR,Санкт-Петербург,2022-12-23T16:05:18+0300
707,Аналитик отдела мониторинга модели цифрового развития,,,,Москва,2022-12-23T17:35:48+0300
708,.net Разработчик,,,,Омск,2022-12-23T13:10:50+0300
709,Инженер-наладчик КИПиА,,,,Жуковский,2022-12-23T13:12:07+0300
710,Механизатор,45000.0,60000.0,RUR,Бахчисарай,2022-12-23T17:30:47+0300
711,"Руководитель направления финансового планирования и анализа (Head of FP&A, Санкт Петербург)",,,,Воронеж,2022-12-23T12:03:15+0300
712,Оператор-наладчик станков с ЧПУ,,120000.0,RUR,Москва,2022-12-23T12:37:46+0300
713,Электромеханик,70000.0,,RUR,Колпино,2022-12-23T13:40:24+0300
714,Куратор проектов,,,,Москва,2022-12-23T14:03:20+0300
715,Kanban Coach,,,,Санкт-Петербург,2022-12-23T14:44:19+0300
716,Технический писатель,70000.0,120000.0,RUR,Москва,2022-12-23T16:06:37+0300
717,Редактор контента,,,,Москва,2022-12-23T12:44:56+0300
718,Senior/Middle+ Java developer (Операционный CRM),,,,Санкт-Петербург,2022-12-23T17:17:56+0300
719,C++/Go Developer,,,,Москва,2022-12-23T14:14:06+0300
720,Программист 1C,,,,Москва,2022-12-23T16:51:23+0300
721,Программист АСУТП,,,,Новосибирск,2022-12-23T15:29:55+0300
722,Оператор станков с ПУ,40000.0,60000.0,RUR,Миасс,2022-12-23T14:23:54+0300
723,Токарь,110000.0,,RUR,Томск,2022-12-23T12:40:10+0300
724,Дизайнер – конструктор аксессуаров из кожи,,,,Пенза,2022-12-23T16:06:13+0300
725,Программист 1С,150000.0,,RUR,Москва,2022-12-23T15:57:49+0300
726,Product owner (Коммуникации с клиентами ДБО Юридических лиц),,,,Москва,2022-12-23T14:21:21+0300
727,Специалист по процессному управлению,30000.0,,RUR,Ростов-на-Дону,2022-12-23T15:10:23+0300
728,Senior IOS developer на продукт МТС Аналитика (Big Data),,,,Москва,2022-12-23T13:07:35+0300
729,Консультант 1С по нормативно-справочной информации,80000.0,,RUR,Санкт-Петербург,2022-12-23T12:17:01+0300
730,Программист 1С,,,,Ревда (Свердловская область),2022-12-23T13:19:08+0300
731,Столяр-станочник,35000.0,,RUR,Белгород,2022-12-23T15:19:51+0300
732,Java-разработчик,250000.0,,RUR,Санкт-Петербург,2022-12-23T12:43:42+0300
733,Фрезеровщик,53500.0,,RUR,Москва,2022-12-23T14:31:13+0300
734,Педагог информационных технологий и технологий виртуальной реальности,45000.0,54000.0,RUR,Всеволожск,2022-12-23T14:45:59+0300
735,Монтажник РЭА и приборов,45000.0,,RUR,Еманжелинск,2022-12-23T15:59:00+0300
736,Системный администратор,40000.0,,RUR,Бахчисарай,2022-12-23T17:43:38+0300
737,Ведущий специалист по качеству IT услуг,,,,Нижний Новгород,2022-12-23T15:30:36+0300
738,Функциональный (бизнес) архитектор,,,,Москва,2022-12-23T16:09:00+0300
739,Эксперт по информационным технологиям,,,,Новосибирск,2022-12-23T15:58:25+0300
740,Механик,80000.0,,RUR,Улан-Удэ,2022-12-23T15:05:03+0300
741,Менеджер группы технической поддержки,,,,Москва,2022-12-23T14:26:09+0300
742,Менеджер по проектам,45000.0,50000.0,RUR,Березовский (Свердловская область),2022-12-23T14:26:59+0300
743,Главный специалист по информационной безопасности,,,,Москва,2022-12-23T17:43:57+0300
744,Инженер технической поддержки,,,,Воронеж,2022-12-23T16:53:49+0300
745,Инженер-конструктор пресс-форм,100000.0,,RUR,Еманжелинск,2022-12-23T15:43:32+0300
746,Инцидент менеджер,,,,Москва,2022-12-23T16:54:37+0300
747,Фрезеровщик,55000.0,100000.0,RUR,Челябинск,2022-12-23T14:12:49+0300
748,Главный специалист (Разработчик Python (Django),,,,Москва,2022-12-23T13:49:30+0300
749,NOC Engineer,,,,Москва,2022-12-23T12:30:43+0300
750,Senior Automation QA Engineer (Java) / Автотестировщик (с навыками ручного тестирования),,,,Москва,2022-12-23T12:14:25+0300
751,Сетевой инженер группы организации сетевой инфраструктуры,130000.0,130000.0,RUR,Санкт-Петербург,2022-12-23T14:24:12+0300
752,Руководитель проекта,105000.0,,RUR,Москва,2022-12-23T14:39:13+0300
753,"Quant Analyst, Asset management company",,,,Москва,2022-12-23T14:13:47+0300
754,Инженер по технической поддержке и обучению,82000.0,,RUR,Москва,2022-12-23T14:40:28+0300
755,Руководитель отдела системного администрирования,,,,Москва,2022-12-23T16:24:21+0300
756,Инженер-электроник,,,,Люберцы,2022-12-23T13:13:22+0300
757,Программист React Native ( Middle/Senior),,,,Екатеринбург,2022-12-23T16:51:29+0300
758,Инженер по гарантии,,,,Подольск (Московская область),2022-12-23T17:22:26+0300
759,DBA PostgreSQL,,,,Москва,2022-12-23T15:58:42+0300
760,Frontend developer (Angular),150000.0,,RUR,Калининград,2022-12-23T12:52:51+0300
761,"Токарь, г. Ростов-на-Дону",77200.0,,RUR,Азов,2022-12-23T16:08:47+0300
762,Бизнес-аналитик,,,,Екатеринбург,2022-12-23T14:28:26+0300
763,Специалист отдела IT,,40000.0,RUR,Красноярск,2022-12-23T13:50:09+0300
764,Механик,80000.0,,RUR,Хабаровск,2022-12-23T15:05:03+0300
765,Механик,80000.0,,RUR,Чита,2022-12-23T15:10:40+0300
766,Техник Механик,40000.0,,RUR,Калининград,2022-12-23T14:04:14+0300
767,Ведущий программист АСУТП,,80000.0,RUR,Новосибирск,2022-12-23T12:56:43+0300
768,Java разработчик,,,,Москва,2022-12-23T13:57:55+0300
769,Оператор токарных станков с ЧПУ,45000.0,55000.0,RUR,Ростов-на-Дону,2022-12-23T13:16:03+0300
770,Information Security Architect,,,,Москва,2022-12-23T13:52:19+0300
771,Оператор токарного станка с ЧПУ,,,,Дмитров,2022-12-23T14:08:44+0300
772,Сервисный инженер центра технической поддержки,,,,Москва,2022-12-23T14:23:49+0300
773,Системный аналитик (middle),,,,Москва,2022-12-23T15:05:38+0300
774,Инженер-программист станков с ПУ,40000.0,100000.0,RUR,Миасс,2022-12-23T13:59:35+0300
775,Инженер по информационной безопасности,,,,Москва,2022-12-23T14:24:51+0300
776,Фрезеровщик,105000.0,,RUR,Курган,2022-12-23T12:47:41+0300
777,Токарь,110000.0,,RUR,Омск,2022-12-23T12:40:10+0300
778,Business/System Analyst (DWH),,,,Москва,2022-12-23T13:21:46+0300
779,Программист 1C,100000.0,,RUR,Екатеринбург,2022-12-23T13:52:38+0300
780,Оператор-наладчик токарного станка с ЧПУ,75000.0,90000.0,RUR,Нижний Новгород,2022-12-23T14:17:44+0300
781,Системный администратор,,,,Наро-Фоминск,2022-12-23T13:22:00+0300
782,Редактор контента,,,,Санкт-Петербург,2022-12-23T12:45:20+0300
783,Мастер сборщик,50000.0,120000.0,RUR,Москва,2022-12-23T14:43:45+0300
784,SAP Hybris developer,,,,Москва,2022-12-23T17:03:31+0300
785,"Механик в колбасный цех ( ООО ""Мясоптицекомбинат ""Каневской"" )",33000.0,,RUR,Каневская,2022-12-23T16:04:57+0300
786,Токарь,70000.0,,RUR,Зеленоград,2022-12-23T16:20:37+0300
787,Middle Java developer на продукт NetScout (Big Data),,,,Москва,2022-12-23T13:07:36+0300
788,Ферезеровщик,80000.0,,RUR,Москва,2022-12-23T17:28:05+0300
789,Инженер КИПиА в ЖКХ,55000.0,,RUR,Санкт-Петербург,2022-12-23T15:20:18+0300
790,Инженер-механик,,,,Ижевск,2022-12-23T13:23:22+0300
791,IOS разработчик,,,,Омск,2022-12-23T17:10:44+0300
792,Электромеханик,70000.0,,RUR,Санкт-Петербург,2022-12-23T13:40:30+0300
793,Токарь-расточник,50000.0,,RUR,Миасс,2022-12-23T14:46:15+0300
794,DevOps инженер,,,,Москва,2022-12-23T13:54:20+0300
795,Шлифовщик по дереву,60000.0,,RUR,Ковров,2022-12-23T14:59:04+0300
796,Монтажник РЭА и приборов,45000.0,,RUR,Коркино,2022-12-23T15:59:00+0300
797,"Руководитель направления финансового планирования и анализа (Head of FP&A, Санкт Петербург)",,,,Самара,2022-12-23T12:03:15+0300
798,Senior Java разработчик,,,,Томск,2022-12-23T13:49:36+0300
799,Электромеханик,70000.0,,RUR,Кировск (Ленинградская область),2022-12-23T13:40:19+0300
800,Middle QA engineer,,2500.0,USD,Турция,2022-12-23T14:07:21+0300
801,Ведущий / Главный специалист по разработке и сопровождению геоинформационной системы,,,,Санкт-Петербург,2022-12-23T13:21:04+0300
802,Токарь,110000.0,,RUR,Новокузнецк,2022-12-23T12:40:10+0300
803,Системный администратор,40000.0,,RUR,Москва,2022-12-23T14:15:52+0300
804,Электромеханик,,,,Алматы,2022-12-23T14:34:10+0300
805,Сервисный инженер по ремонту гидравлической техники,70000.0,150000.0,RUR,Белово,2022-12-23T13:49:38+0300
806,Business Data Engineer,,,,Саратов,2022-12-23T17:10:40+0300
807,"Разработчик .NET, C#, Blazor",100000.0,400000.0,RUR,Санкт-Петербург,2022-12-23T12:41:15+0300
808,Инженер технической поддержки (Техническая поддержка торговых точек),,,,Москва,2022-12-23T17:06:05+0300
809,Архитектор 1С,170000.0,175000.0,RUR,Томск,2022-12-23T13:45:06+0300
810,Токарь-универсал,65000.0,,RUR,Набережные Челны,2022-12-23T15:12:18+0300
811,Механик по выпуску / ремонту автомобилей / дорожно-строительной техники,130000.0,140000.0,RUR,Казань,2022-12-23T12:19:26+0300
812,"Код-ревьюер на курс ""iOS-разработчик""",,,,Москва,2022-12-23T13:52:50+0300
813,Программист 1C,100000.0,,RUR,Березовский (Свердловская область),2022-12-23T13:52:38+0300
814,Архитектор 1С,170000.0,175000.0,RUR,Красноярск,2022-12-23T13:45:02+0300
815,Наладчик станков с ЧПУ,50000.0,70000.0,RUR,Курган,2022-12-23T14:59:38+0300
816,Техник по слаботочным системам и автоматике (Сколково),70000.0,,RUR,Одинцово,2022-12-23T12:21:20+0300
817,Аналитик,,31700.0,RUR,Челябинск,2022-12-23T15:10:41+0300
818,Сервисный инженер (вентиляционное оборудование),50000.0,,RUR,Казань,2022-12-23T15:43:22+0300
819,Data Engineer,,,,Краснодар,2022-12-23T17:10:40+0300
820,Эксперт отдела информационной безопасности,95000.0,125000.0,RUR,Санкт-Петербург,2022-12-23T15:29:08+0300
821,Менеджер ИТ-проектов B2C-направления,,,,Москва,2022-12-23T16:32:53+0300
822,Оператор станков с ПУ (токарная/фрезерная группа),,,,Екатеринбург,2022-12-23T12:34:57+0300
823,Разработчик Android,,,,Красноярск,2022-12-23T17:10:44+0300
824,Инженер SOC,,,,Москва,2022-12-23T16:54:06+0300
825,Системный администратор,,,,Мензелинск,2022-12-23T14:44:31+0300
826,Ведущий специалист по защите информации,70000.0,,RUR,Балашиха,2022-12-23T13:54:35+0300
827,Разработчик iOS,,,,Красноярск,2022-12-23T17:10:44+0300
828,Эксперт по информационным технологиям,,,,Новосибирск,2022-12-23T15:58:20+0300
829,Техник по обслуживанию зданий,,,,Кострома,2022-12-23T15:46:01+0300
830,Product Owner (Mobile App),,,,Москва,2022-12-23T16:59:39+0300
831,Data Scientist (Senior),,,,Москва,2022-12-23T17:02:47+0300
832,Оператор-наладчик фрезерных станков с ЧПУ на стойках Фанук и Балт систем,45000.0,,RUR,Киров (Кировская область),2022-12-23T16:24:04+0300
833,Инженер-механик,,,,Дмитров,2022-12-23T14:29:46+0300
834,Шлифовщик,70000.0,,RUR,Королев,2022-12-23T17:10:50+0300
835,Директор отдела информационных технологий,,,,Краснокамск,2022-12-23T15:18:58+0300
836,Архитектор 1С,170000.0,175000.0,RUR,Казань,2022-12-23T13:47:49+0300
837,Web-программист,,,,Тула,2022-12-23T14:32:50+0300
838,DevOps-инженер (Эксперт группы платформенных сервисов),,,,Москва,2022-12-23T17:00:29+0300
839,Системный администратор,50000.0,50000.0,RUR,Екатеринбург,2022-12-23T13:09:08+0300
840,Программист С++,,,,Новосибирск,2022-12-23T16:09:57+0300
841,Ведущий графический дизайнер по принтам,,,,Санкт-Петербург,2022-12-23T13:43:17+0300
842,Инженер-конструктор пресс-форм,100000.0,,RUR,Коркино,2022-12-23T15:43:32+0300
843,Инженер программист станков с ЧПУ,40000.0,45000.0,RUR,Саратов,2022-12-23T15:48:08+0300
844,Главный механик (Забайкальский край),,,,Новосибирск,2022-12-23T13:56:49+0300
845,QA Engineer (VoIP),,120000.0,RUR,Новосибирск,2022-12-23T12:28:31+0300
846,Механик (АТП Новосибирск),39700.0,49700.0,RUR,Новосибирск,2022-12-23T14:54:22+0300
847,Data-инженер,,,,Саратов,2022-12-23T17:10:39+0300
848,Оператор-наладчик станков с ПУ (fanuc),80000.0,,RUR,Екатеринбург,2022-12-23T13:10:31+0300
849,Старший RTL-разработчик,,,,Красноярск,2022-12-23T16:05:22+0300
850,"Консультант 1С: ERP, УХ (Бюджетирование)",,,,Москва,2022-12-23T16:42:03+0300
851,Архитектор 1С,,,,Пермь,2022-12-23T13:47:42+0300
852,Backend разработчик (удаленно),150000.0,,RUR,Санкт-Петербург,2022-12-23T13:42:23+0300
853,Программист 1C,100000.0,,RUR,Верхняя Пышма,2022-12-23T13:52:38+0300
854,Ведущий разработчик,,,,Екатеринбург,2022-12-23T14:28:29+0300
855,Программист 1С,,,,Ижевск,2022-12-23T16:18:34+0300
856,.Net разработчик,,,,Краснодар,2022-12-23T13:10:50+0300
857,Архитектор 1С,170000.0,175000.0,RUR,Абакан,2022-12-23T13:45:11+0300
858,Термист,65000.0,,RUR,Королев,2022-12-23T17:10:56+0300
859,Ведущий разработчик Java,,,,Москва,2022-12-23T14:49:53+0300
860,Мастер по ремонту телефонов Samsung (Сервисный инженер),60000.0,90000.0,RUR,Москва,2022-12-23T16:27:08+0300
861,Оператор станка,35000.0,,RUR,Торжок,2022-12-23T12:18:59+0300
862,Руководитель IT проекта (Группа анализа и развития цифровых каналов),,,,Москва,2022-12-23T16:31:56+0300
863,Электромеханик,70000.0,,RUR,Отрадное (Ленинградская область),2022-12-23T13:40:14+0300
864,Tech Lead Mobile (Kotlin Multiplatform Mobile),,,,Москва,2022-12-23T13:58:01+0300
865,Ведущий специалист по технической поддержке,70000.0,70000.0,RUR,Москва,2022-12-23T17:48:33+0300
866,Функциональный архитектор 1С,,,,Москва,2022-12-23T13:39:58+0300
867,Business/System Analyst (DWH),,,,Санкт-Петербург,2022-12-23T13:21:46+0300
868,Специалист службы технической поддержки,40000.0,,RUR,Москва,2022-12-23T14:16:15+0300
869,Бизнес аналитик 1С:ЗУП и 1С:БП,,,,Москва,2022-12-23T13:21:33+0300
870,Программист 1C,,,,Кострома,2022-12-23T14:50:46+0300
871,Токарь-расточник 4-6 разряд,60000.0,,RUR,Москва,2022-12-23T12:03:19+0300
872,Старший разработчик БД ETL,,,,Воронеж,2022-12-23T16:09:46+0300
873,Аналитик закупочной деятельности,,,,Москва,2022-12-23T15:04:57+0300
874,QA Engineer Auto (Процессинг),,,,Москва,2022-12-23T17:34:37+0300
875,Системный администратор Oracle,,,,Краснодар,2022-12-23T13:24:18+0300
876,Токарь,120000.0,120000.0,RUR,Екатеринбург,2022-12-23T16:12:16+0300
877,Аналитик отдела закупок (С),,,,Щелково,2022-12-23T16:58:49+0300
878,Администратор проекта,,,,Новосибирск,2022-12-23T12:30:27+0300
879,Специалист службы технической поддержки,40000.0,,RUR,Москва,2022-12-23T14:17:24+0300
880,Инженер технической поддержки,36000.0,36000.0,RUR,Яр-Сале,2022-12-23T13:44:47+0300
881,Системный аналитик DWH,,,,Краснодар,2022-12-23T17:10:40+0300
882,Ведущий инженер-программист АСУТП,90000.0,,RUR,Уфа,2022-12-23T15:39:03+0300
883,PHP Middle в SocialJet,60000.0,,RUR,Екатеринбург,2022-12-23T16:20:37+0300
884,Ведущий инженер (управление проектами),60000.0,110000.0,RUR,Санкт-Петербург,2022-12-23T16:05:18+0300
885,Заточник,68000.0,,RUR,Королев,2022-12-23T17:10:54+0300
886,NOC Engineer,,,,Астана,2022-12-23T12:21:16+0300
887,Инженер по электроприводу,,,,Владимир,2022-12-23T16:25:21+0300
888,"Токарь-расточник (ст. 2Н637,ст. 2А637)",,,,Калуга,2022-12-23T14:28:56+0300
889,Senior Incident Response Analyst,,,,Москва,2022-12-23T13:51:24+0300
890,Инженер-механик,,55000.0,RUR,Ставрополь,2022-12-23T14:37:30+0300
891,"Руководитель направления финансового планирования и анализа (Head of FP&A, Санкт Петербург)",,,,Нижний Новгород,2022-12-23T12:03:15+0300
892,Ведущий специалист (информационная безопасность),,,,Москва,2022-12-23T12:22:08+0300
893,Главный специалист управления информационных технологий (С++),90000.0,,RUR,Казань,2022-12-23T14:50:53+0300
894,Ведущий специалист по защите информации (КИИ),,,,Санкт-Петербург,2022-12-23T13:39:43+0300
895,Mobile Application Security Specialist,,,,Москва,2022-12-23T13:50:27+0300
896,"Методолог (B2B, B2G, ГИС)",,,,Москва,2022-12-23T14:14:38+0300
897,"Руководитель проектов (светотехническое оборудование) м. Автозаводская, м.Кожуховская",120000.0,,RUR,Москва,2022-12-23T13:21:27+0300
898,Архитектор решений,,,,Москва,2022-12-23T17:30:50+0300
899,Оператор токарного станка с ЧПУ,,,,Кимры,2022-12-23T14:08:44+0300
900,Педагог информационных технологий и технологий виртуальной реальности,45000.0,54000.0,RUR,Кудрово,2022-12-23T14:45:59+0300
901,Руководитель проекта (сервисное направление),,,,Москва,2022-12-23T14:40:33+0300
902,Старший разработчик БД PostgreSQL,,,,Воронеж,2022-12-23T16:10:08+0300
903,DevOps,,,,Тбилиси,2022-12-23T17:53:06+0300
904,Инженер - техник слаботочник ОПС (охранно-пожарная сигнализация),50000.0,,RUR,Петрозаводск,2022-12-23T12:41:07+0300
905,Программист-консультант 1C,63000.0,63000.0,RUR,Москва,2022-12-23T12:22:21+0300
906,Механик-наладчик оборудования,35000.0,,RUR,Вологда,2022-12-23T16:40:54+0300
907,Наладчик-оператор токарных станков с ЧПУ,55000.0,70000.0,RUR,Нижний Новгород,2022-12-23T14:23:21+0300
908,Системный архитектор (PaaS),,,,Москва,2022-12-23T13:50:47+0300
909,Старший системный администратор Linux,120000.0,,RUR,Санкт-Петербург,2022-12-23T16:31:08+0300
910,Токарь,120000.0,120000.0,RUR,Уфа,2022-12-23T16:12:16+0300
911,Системный аналитик (трайб Digital),,,,Москва,2022-12-23T16:18:24+0300
912,Оператор токарного станка с ЧПУ,,,,Калязин,2022-12-23T14:08:44+0300
913,Менеджер по развитию бизнеса (сетевое оборудование),40000.0,75000.0,RUR,Воронеж,2022-12-23T12:41:41+0300
914,Системный администратор (ведущий инженер),80000.0,,RUR,Москва,2022-12-23T15:56:10+0300
915,Архитектор решений,,,,Курск,2022-12-23T17:30:52+0300
916,Системный аналитик DWH,,,,Саратов,2022-12-23T17:10:40+0300
917,Ведущий эксперт отдела администрирования процессов эксплуатации,65000.0,,RUR,Москва,2022-12-23T15:55:06+0300
918,Программист C#,,,,Санкт-Петербург,2022-12-23T15:57:00+0300
919,Программист 1С (удаленно),100000.0,160000.0,RUR,Москва,2022-12-23T13:05:46+0300
920,Главный механик (Забайкальский край),,,,Барнаул,2022-12-23T13:56:28+0300
921,Слесарь-механик по ремонту грузового транспорта и строительно-дорожных машин,65000.0,,RUR,Москва,2022-12-23T15:06:26+0300
922,Наладчик станков и манипуляторов с программным числовым управлением 5 разряда,60000.0,,RUR,Москва,2022-12-23T12:59:40+0300
923,Инженер по технической поддержке,40000.0,,RUR,Москва,2022-12-23T14:16:36+0300
924,QA Engineer (Management Systems),,120000.0,RUR,Новосибирск,2022-12-23T12:28:27+0300
925,Главный специалист (Java-разработчик),,,,Москва,2022-12-23T13:48:13+0300
926,Ведущий бродкаст дизайнер,180000.0,,RUR,Москва,2022-12-23T14:26:21+0300
927,Специалист службы технической поддержки,40000.0,,RUR,Москва,2022-12-23T14:17:01+0300
928,Продуктовый аналитик / Middle Product Analyst,,,,Москва,2022-12-23T16:26:26+0300
929,Педагог информационных технологий и технологий виртуальной реальности,45000.0,54000.0,RUR,Колтуши,2022-12-23T14:45:59+0300
930,Producer of education products (Code),,,,Москва,2022-12-23T16:01:19+0300
931,Архитектор решений,,,,Самара,2022-12-23T17:30:53+0300
932,Web Developer (Full stack),,,,Тюмень,2022-12-23T16:09:52+0300
933,Программист 1С WMS,,310000.0,RUR,Москва,2022-12-23T15:09:43+0300
934,Ведущий специалист по внедрению информационных систем,120000.0,,RUR,Москва,2022-12-23T13:30:16+0300
935,Системный администратор Linux,150000.0,,RUR,Санкт-Петербург,2022-12-23T13:35:00+0300
936,Ведущий инженер-разработчик РЭА,80000.0,100000.0,RUR,Санкт-Петербург,2022-12-23T16:05:19+0300
937,Инженер по технической поддержке,40000.0,,RUR,Москва,2022-12-23T14:17:52+0300
938,Сервисный инженер по диагностике,,,,Чита,2022-12-23T12:57:50+0300
939,"Системный аналитик (проект миграции, банковский процессинг)",,,,Москва,2022-12-23T17:35:34+0300
940,Специалист по автоматизации тестирования мобильных приложений Android (Wink),,,,Москва,2022-12-23T13:58:05+0300
941,Архитектор по работе с данными,,,,Москва,2022-12-23T13:58:12+0300
942,Монтажник\Сервис-Инженер,45000.0,,RUR,Санкт-Петербург,2022-12-23T16:29:43+0300
943,Сервисный инженер (дорожно-строительная техника),45000.0,,RUR,Краснодар,2022-12-23T16:20:27+0300
944,"Системный архитектор (ООО ""ТРАНССОФТТЕЛЕМАТИКА"")",,,,Москва,2022-12-23T12:29:44+0300
945,Инженер-электроник (станочник),60000.0,70000.0,RUR,Саратов,2022-12-23T15:50:41+0300
946,Инженер технической поддержки,,,,Ижевск,2022-12-23T16:55:31+0300
947,Системный аналитик,,,,Москва,2022-12-23T13:31:19+0300
948,Java-разработчик (Middle/Senior),,,,Самара,2022-12-23T12:55:36+0300
949,Руководитель проекта (MES),,,,Москва,2022-12-23T15:49:25+0300
950,Руководитель ИТ-проектов (Градостроительство),,,,Москва,2022-12-23T15:46:54+0300
951,Разработчик PostgreSQL/Greenplum,,,,Москва,2022-12-23T13:49:36+0300
952,Архитектор по работе с данными,,,,Санкт-Петербург,2022-12-23T14:01:34+0300
953,Педагог информационных технологий и технологий виртуальной реальности,45000.0,54000.0,RUR,Мурино,2022-12-23T14:45:59+0300
954,Ведущий инженер-программист АСУТП по направлению Телемеханика,90000.0,,RUR,Уфа,2022-12-23T15:37:13+0300
955,"Код-ревьюер на курс ""Android-разработчик""",,,,Москва,2022-12-23T13:53:17+0300
956,Руководитель проектов по внедрению WMS систем (аккредитованная ИТ-компания),,,,Москва,2022-12-23T14:03:24+0300
957,Senior Java разработчик,,,,Уфа,2022-12-23T13:49:36+0300
958,Программист 1С,80000.0,,RUR,Томск,2022-12-23T12:42:08+0300
959,Начальник технологического бюро (приборное производство),81200.0,,RUR,Королев,2022-12-23T13:50:04+0300
960,Разработчик интеграционных решений на платформе Java,,,,Иркутск,2022-12-23T16:06:12+0300
961,Специалист по защите информации (группа проектирования),,,,Санкт-Петербург,2022-12-23T13:39:04+0300
962,Главный механик (Забайкальский край),,,,Омск,2022-12-23T13:55:01+0300
963,Senior/Lead QA Engineer,2500.0,,USD,Турция,2022-12-23T14:05:02+0300
964,QA инженер (backend),,,,Уфа,2022-12-23T12:11:16+0300
965,.Net разработчик,,,,Воронеж,2022-12-23T13:10:50+0300
966,Инженер по технической поддержке,40000.0,,RUR,Москва,2022-12-23T14:18:13+0300
967,Senior Java Developer (FullStack),,,,Санкт-Петербург,2022-12-23T13:09:45+0300
968,Ведущий SRE-инженер,,,,Москва,2022-12-23T14:58:08+0300
969,Системный администратор,,,,Селятино,2022-12-23T13:22:14+0300
970,Специалист по защите информации (группа внедрения),,,,Санкт-Петербург,2022-12-23T13:39:29+0300
971,Сетевой инженер (направление ME),,,,Новосибирск,2022-12-23T12:28:43+0300
972,PHP-программист,180000.0,,RUR,Королев,2022-12-23T12:40:22+0300
973,Инженер технической поддержки,,,,Тольятти,2022-12-23T16:53:12+0300
974,Senior / Middle Разработчик ASP.NET (Web Forms),,,,Москва,2022-12-23T16:26:26+0300
975,Producer of education products (Design),,,,Москва,2022-12-23T16:01:16+0300
976,Инженер-механик по ремонту двигателей/моторист,100000.0,,RUR,Зеленоград,2022-12-23T14:20:56+0300
977,Архитектор решений,,,,Нижний Новгород,2022-12-23T17:30:51+0300
978,Токарь,,,,Нефтекамск,2022-12-23T17:10:50+0300
979,Архитектор MES,,,,Москва,2022-12-23T14:57:56+0300
980,Фрезеровщик,40000.0,45000.0,RUR,Зеленодольск (Республика Татарстан),2022-12-23T15:07:38+0300
981,Senior Security Assessment Specialist,,,,Москва,2022-12-23T13:51:42+0300
982,Инженер-программист (автодорога М-11),125000.0,143750.0,RUR,Химки,2022-12-23T14:34:25+0300
983,Разработчик 1С,,,,Москва,2022-12-23T17:14:33+0300
984,Full Stack Node.js/Vue.js developer,,,,Санкт-Петербург,2022-12-23T17:20:08+0300
985,Консультант- аналитик 1С по бухгалтерскому учету,,,,Москва,2022-12-23T16:42:03+0300
986,SOC Solution Expert (SIEM),,,,Москва,2022-12-23T13:51:55+0300
987,Разработчик 1С БУХ/ЗУП (удаленно),130000.0,130000.0,RUR,Санкт-Петербург,2022-12-23T12:12:46+0300
988,Главный механик (Забайкальский край),,,,Кемерово,2022-12-23T13:56:12+0300
989,Product Designer (B2B Department),3000.0,,USD,Москва,2022-12-23T15:14:24+0300
990,"Руководитель направления финансового планирования и анализа (Head of FP&A, Санкт Петербург)",,,,Ярославль,2022-12-23T12:03:15+0300
991,NOC Engineer,,,,Тбилиси,2022-12-23T12:21:16+0300
992,Токарь,45000.0,50000.0,RUR,Зеленодольск (Республика Татарстан),2022-12-23T15:06:57+0300
993,Педагог информационных технологий и технологий виртуальной реальности,45000.0,54000.0,RUR,Санкт-Петербург,2022-12-23T14:45:59+0300
994,Сервисный инженер,,,,Москва,2022-12-23T12:37:05+0300
995,Оператор токарного станка с ЧПУ,,,,Луховицы,2022-12-23T14:08:44+0300
996,NOC Engineer,,,,Армения,2022-12-23T12:21:16+0300
997,Консультант SAP EWM,,,,Москва,2022-12-23T12:57:35+0300
998,NOC Engineer,,,,Кишинёв,2022-12-23T12:21:16+0300
999,Разработчик 1С БУХ/ЗУП (удаленно),130000.0,130000.0,RUR,Казань,2022-12-23T12:12:55+0300
1000,Электромеханик по обслуживанию и ремонту ПС и механооборудования (г. Норильск),100000.0,110000.0,RUR,Новосибирск,2022-12-23T15:21:37+0300
1001,Lead Game Designer,,,,Москва,2022-12-23T15:49:33+0300
1002,React Native разработчик (ДОМ24),,,,Москва,2022-12-23T15:27:32+0300
1003,Middle C# Developer,2500.0,3000.0,USD,Турция,2022-12-23T14:12:04+0300
1004,DevOps-инженер (Эксперт группы платформенных сервисов),,,,Санкт-Петербург,2022-12-23T17:00:33+0300
1005,С/С++ Developer (Wireless),,,,Новосибирск,2022-12-23T12:29:35+0300
1006,Solution architect (Cloud Storage),,,,Москва,2022-12-23T14:58:39+0300
1007,"Консультант 1C ERP: внедрение, поддержка и развитие системы. Модуль Документооборот",,,,Москва,2022-12-23T16:05:03+0300
1008,Токарь 4 разряд,80000.0,,RUR,Тула,2022-12-23T17:18:46+0300
1009,"Токарь 5 разряда (Оса, Пермь)",30000.0,30000.0,RUR,Пермь,2022-12-23T16:04:50+0300
1010,SAP Basis Administrator (international project),,,,Москва,2022-12-23T13:51:03+0300
1011,Токарь 5 разряда (ХМАО),114000.0,114000.0,RUR,Когалым,2022-12-23T16:04:49+0300
1012,Автотестировщик / QA Auto (senior),,,,Москва,2022-12-23T13:19:26+0300
1013,PHP developer,,,,Москва,2022-12-23T14:08:44+0300
1014,Специалист по информационной безопасности,,,,Санкт-Петербург,2022-12-23T13:58:40+0300
1015,NOC Engineer,,,,Минск,2022-12-23T12:37:36+0300
1016,Архитектор решений,,,,Казань,2022-12-23T17:30:52+0300
1017,"Инженер технической поддержки 2-ой линии (в компанию резидент ""Сколково"")",,,,Москва,2022-12-23T17:10:52+0300
1018,Специалист по информационной безопасности,,,,Москва,2022-12-23T13:58:40+0300
1019,Архитектор EA Tool,,,,Москва,2022-12-23T17:15:51+0300
1020,Team Lead Network and Voice Operations team,,,,Москва,2022-12-23T14:13:20+0300
1021,NOC Engineer,,,,Ташкент,2022-12-23T12:21:16+0300
1022,Senior+ Backend (Go) Developer (Checkout Team),5000.0,,USD,Москва,2022-12-23T16:23:01+0300
1023,1С Middle разработчик,,180000.0,RUR,Москва,2022-12-23T15:24:38+0300
1024,NOC Engineer,,,,Баку,2022-12-23T12:21:16+0300
1025,Full Stack Node.js/Vue.js developer,,,,Минск,2022-12-23T17:20:08+0300
1026,Senior Android Developer,,,,Кипр,2022-12-23T17:45:48+0300
1027,Дежурный инженер SOC,,,,Санкт-Петербург,2022-12-23T12:06:18+0300
1028,Senior C# developer,2500.0,,USD,Турция,2022-12-23T14:09:33+0300
1029,"C# Developer, Real Estate Advisory, Data & Solutions",,,,Москва,2022-12-23T16:22:21+0300
1030,Middle/Senior 3D Animator (Gamedev),,,,Москва,2022-12-23T13:52:09+0300
1031,Senior Data Analyst,,,,Москва,2022-12-23T13:50:02+0300
1032,Senior C++ developer/Старший инженер-программист С++ (Data Services),,,,Санкт-Петербург,2022-12-23T19:46:54+0300
1033,Team Lead в команду NoSQL (юнит DBA),,,,Москва,2022-12-23T18:16:17+0300
1034,Главный системный администратор Linux (ЕМ),,,,Нижний Новгород,2022-12-23T18:10:57+0300
1035,Ведущий программист 1С,,150000.0,RUR,Санкт-Петербург,2022-12-23T19:19:44+0300
1036,Разработчик python в инфраструктурную группу,,,,Москва,2022-12-23T18:29:56+0300
1037,Android-разработчик в Рекламную сеть Яндекса,,,,Екатеринбург,2022-12-23T19:47:45+0300
1038,Автор студенческих работ по архитектуре и строительству (удаленно),35000.0,,RUR,Красноярск,2022-12-23T18:10:14+0300
1039,Инженер-разработчик С (Linux Kernel),,,,Москва,2022-12-23T18:22:34+0300
1040,Автор студенческих работ по экономике (удаленно),35000.0,,RUR,Нижний Новгород,2022-12-23T18:11:25+0300
1041,IOS-разработчик в Рекламную сеть Яндекса,,,,Екатеринбург,2022-12-23T19:48:00+0300
1042,Technical Lead PHP,,,,Тбилиси,2022-12-23T18:09:57+0300
1043,IOS-разработчик в Рекламную сеть Яндекса,,,,Санкт-Петербург,2022-12-23T19:48:06+0300
1044,1С программист (ЕМ),,,,Москва,2022-12-23T18:14:28+0300
1045,ML-разработчик в группу спецпроектов поиска,,,,Москва,2022-12-23T19:46:55+0300
1046,Lead NOC Engineer,,,,Армения,2022-12-23T18:18:20+0300
1047,Разработчик Ruby в инфраструктурную группу,,,,Москва,2022-12-23T18:30:18+0300
1048,Автор студенческих работ по педагогике (удаленно),35000.0,,RUR,Казань,2022-12-23T18:11:35+0300
1049,Консультант системы календарного планирования,,,,Москва,2022-12-23T18:49:37+0300
1050,Директор проекта (строительство молочно-товарной фермы),,,,Москва,2022-12-23T18:16:18+0300
1051,Автор студенческих работ по программированию (удаленно),50000.0,,RUR,Челябинск,2022-12-23T18:10:28+0300
1052,Автор студенческих работ по психологии (удаленно),35000.0,,RUR,Самара,2022-12-23T18:09:41+0300
1053,Автор студенческих работ по юриспруденции и праву (удаленно),35000.0,,RUR,Екатеринбург,2022-12-23T18:11:59+0300
1054,Инженер системы технического документооборота,,,,Москва,2022-12-23T18:49:47+0300
1055,Инженер-разработчик С (Linux FS),,,,Москва,2022-12-23T18:01:06+0300
1056,Lead NOC Engineer,,,,Ташкент,2022-12-23T18:18:20+0300
1057,Инженер системы календарного планирования,,,,Москва,2022-12-23T18:49:50+0300
1058,Lead NOC Engineer,,,,Минск,2022-12-23T18:35:25+0300
1059,Tech Lead GoLang,,,,Тбилиси,2022-12-23T18:00:05+0300
1060,Lead NOC Engineer,,,,Кишинёв,2022-12-23T18:18:20+0300
1061,Lead NOC Engineer,,,,Баку,2022-12-23T18:18:20+0300
